name,region
대전대화초등학교,대전광역시
가수원초등학교,대전광역시
서울중화초등학교,서울특별시
대전하기초등학교,대전광역시
서울상월초등학교,서울특별시
서울중목초등학교,서울특별시
연봉초등학교,세종특별자치시
연남초등학교,세종특별자치시
수왕초등학교,세종특별자치시
신탄진초등학교,대전광역시
서울영림초등학교,서울특별시
서천초등학교,부산광역시
대구관천초등학교,대구광역시
산내초등학교,대전광역시
서울평화초등학교,서울특별시
대전성남초등학교,대전광역시
진남초등학교,광주광역시
의귀초등학교,제주특별자치도
서울양원초등학교,서울특별시
좌삼초등학교,경상남도
유어초등학교,경상남도
서울동작초등학교,서울특별시
서울갈산초등학교,서울특별시
서울태랑초등학교,서울특별시
서울한천초등학교,서울특별시
괴정초등학교,부산광역시
대전관저초등학교,대전광역시
대구국우초등학교,대구광역시
무안초등학교,경상남도
맹방초등학교,강원특별자치도
서울신구초등학교,서울특별시
거창초등학교,경상남도
유안초등학교,광주광역시
서울봉화초등학교,서울특별시
영신초등학교,대구광역시
서령초등학교,충청남도
통리초등학교,강원특별자치도
기장초등학교,부산광역시
칠산초등학교,경상남도
북상초등학교,경상남도
대구아양초등학교,대구광역시
서울양동초등학교,서울특별시
서감초등학교,부산광역시
대구범일초등학교,대구광역시
대구복명초등학교,대구광역시
안중초등학교,충청남도
대전중원초등학교,대전광역시
용아초등학교,충청북도
세성초등학교,충청북도
도리초등학교,제주특별자치도
대구장산초등학교,대구광역시
철암초등학교,강원특별자치도
광명남초등학교,경기도
광명동초등학교,경기도
청학초등학교,부산광역시
대전교촌초등학교,대전광역시
대구명덕초등학교,대구광역시
수곡초등학교,충청북도
보수초등학교,부산광역시
상평초등학교,강원특별자치도
서울강남초등학교,서울특별시
계동초등학교,경상남도
안명초등학교,경상남도
대전배울초등학교,대전광역시
상평초등학교공수전분교장,강원특별자치도
송해초등학교,인천광역시
거제초등학교,부산광역시
서울상봉초등학교,서울특별시
서울원광초등학교,서울특별시
서울월계초등학교,서울특별시
대전신계초등학교,대전광역시
용인신촌초등학교,경기도
명덕초등학교,전라남도
별량초등학교,전라남도
풍덕초등학교,경기도
매원초등학교,경기도
영강초등학교,전라남도
초평초등학교,충청북도
연서초등학교,부산광역시
삼성초등학교,경기도
인천검단초등학교,인천광역시
동성초등학교,충청북도
흥덕초등학교,충청북도
한터초등학교,경기도
운천초등학교,경기도
죽장초등학교상옥분교장,경상북도
성덕초등학교,충청남도
용당초등학교,전라남도
예천초등학교,경상북도
화산초등학교,경상북도
기북초등학교,경상북도
성동초등학교,경상북도
용인대덕초등학교,경기도
관인초등학교,경기도
서울구로남초등학교,서울특별시
서정리초등학교,경기도
비안초등학교,경상북도
의성남부초등학교,경상북도
어방초등학교,경상남도
대전지족초등학교,대전광역시
와우초등학교,경기도
도일초등학교,경기도
문척초등학교,전라남도
서남초등학교,경상남도
인지초등학교,충청남도
조마초등학교,경상북도
유구초등학교,충청남도
서울보라매초등학교,서울특별시
예원초등학교,경기도
상갈초등학교,경기도
증산초등학교,강원특별자치도
광의초등학교,전라남도
재릉초등학교,제주특별자치도
인천석남초등학교,인천광역시
제일초등학교,경기도
김천동신초등학교,경상북도
다선초등학교,부산광역시
삼봉초등학교,경기도
천생초등학교,경상북도
합정초등학교,경기도
백암초등학교,경기도
도화초등학교,전라남도
모화초등학교,경상북도
종곡초등학교,충청북도
원천초등학교,전북특별자치도
인천용마초등학교,인천광역시
병영초등학교,전라남도
인천서운초등학교,인천광역시
함창중앙초등학교,경상북도
금성초등학교,서울특별시
칠성초등학교,충청북도
옥과초등학교,전라남도
동천초등학교,경상북도
신기초등학교,경상남도
복창초등학교,경기도
덕적초등학교,인천광역시
구미오산초등학교,경상북도
산호초등학교,경상남도
양포초등학교,경상북도
인천심곡초등학교,인천광역시
가야초등학교,부산광역시
맹동초등학교,충청북도
인천담방초등학교,인천광역시
호연초등학교,경기도
현덕초등학교광덕분교장,경기도
성산초등학교,경기도
옥성초등학교,경상북도
수륜초등학교,경상북도
동천초등학교,경기도
대구대덕초등학교,대구광역시
서울신천초등학교,서울특별시
봉명초등학교,충청북도
왕곡초등학교,경기도
손불초등학교,전라남도
서룡초등학교,경기도
묵계초등학교청암분교장,경상남도
부용초등학교,충청북도
삼례중앙초등학교,전북특별자치도
인천효성초등학교,인천광역시
고금초등학교,전라남도
군산진포초등학교,전북특별자치도
송악초등학교,충청남도
간중초등학교,전북특별자치도
가능초등학교,경기도
문기초등학교,경기도
역북초등학교,경기도
초당초등학교,경기도
포항항도초등학교,경상북도
서울서정초등학교,서울특별시
남당초등학교,충청북도
해오름초등학교,경기도
산인초등학교,경상남도
송호초등학교,전라남도
순천북초등학교,전라남도
금정초등학교,경기도
매화초등학교,경기도
서울신남성초등학교,서울특별시
서울선곡초등학교,서울특별시
곤지암초등학교,경기도
동성초등학교,경상북도
미양초등학교,경기도
금마초등학교,충청남도
우만초등학교,경기도
분평초등학교,충청북도
강진동초등학교,전라남도
수기초등학교,경기도
서울신동초등학교,서울특별시
중부초등학교,경기도
서울대영초등학교,서울특별시
압해동초등학교,전라남도
가거도초등학교,전라남도
상색초등학교,경기도
리라초등학교,서울특별시
은척초등학교,경상북도
대전양지초등학교,대전광역시
낙산초등학교,경상북도
안산중앙초등학교,경기도
구룡포초등학교,경상북도
서울서래초등학교,서울특별시
광주수창초등학교,광주광역시
인천한길초등학교,인천광역시
대전상원초등학교,대전광역시
태을초등학교,경기도
비룡초등학교,경기도
도평초등학교,제주특별자치도
탄천초등학교,경기도
고색초등학교,경기도
대원초등학교,경상남도
죽곡초등학교,전라남도
청동초등학교,부산광역시
정자초등학교,경기도
안계초등학교,경상북도
서명초등학교,부산광역시
원량초등학교연화분교장,경상남도
옥계동부초등학교,경상북도
솔밭초등학교,충청북도
증도초등학교,전라남도
웅동초등학교,경상남도
외솔초등학교,울산광역시
군산경포초등학교,전북특별자치도
부산삼육초등학교,부산광역시
소현초등학교,경기도
온산초등학교,울산광역시
남산초등학교,강원특별자치도
하북초등학교,경상남도
기산초등학교,전라남도
화순제일초등학교,전라남도
장유초등학교,경상남도
미사강변초등학교,경기도
대구감천초등학교,대구광역시
숭산초등학교,경상북도
본촌초등학교,광주광역시
한천초등학교,제주특별자치도
서울청파초등학교,서울특별시
하원초등학교,경기도
영랑초등학교,강원특별자치도
병곡초등학교,경상북도
인천부마초등학교,인천광역시
남악초등학교,전라남도
서울옥정초등학교,서울특별시
대청초등학교,인천광역시
해평초등학교,경상북도
오성초등학교,경기도
옥대초등학교,경상북도
수일초등학교,경기도
대구교육대학교안동부설초등학교,경상북도
서울봉은초등학교,서울특별시
인천병방초등학교,인천광역시
장기초등학교,경상북도
신림초등학교,전북특별자치도
성남수정초등학교,경기도
북삼초등학교,경상북도
하백초등학교,광주광역시
대구장성초등학교,대구광역시
인천도담초등학교,인천광역시
용지초등학교,경상남도
의정부효자초등학교,경기도
용암초등학교,강원특별자치도
자은초등학교,경상남도
대구성동초등학교,대구광역시
임천초등학교,충청남도
인천공촌초등학교,인천광역시
순천신흥초등학교,전라남도
임원초등학교,강원특별자치도
청룡초등학교장고분교장,충청남도
내수초등학교,충청북도
합성초등학교,경상남도
홍익대학교사범대학부속초등학교,서울특별시
양평동초등학교,경기도
부석초등학교,충청남도
원남초등학교,충청북도
서울난곡초등학교,서울특별시
나산초등학교,전라남도
노은초등학교,충청북도
유천초등학교,경상북도
진주초등학교,강원특별자치도
동내초등학교,강원특별자치도
성주초등학교,경상남도
탄부초등학교,충청북도
대구화남초등학교,대구광역시
초락초등학교,충청남도
상봉초등학교,충청북도
몽탄초등학교,전라남도
명호초등학교,부산광역시
효림초등학교,부산광역시
삼동초등학교,경상남도
포항원동초등학교,경상북도
방림초등학교,강원특별자치도
율정초등학교,경기도
풍기북부초등학교,경상북도
구천초등학교,경상북도
대암초등학교,경상남도
봉곡초등학교,경상남도
상평초등학교오색분교장,강원특별자치도
현산초등학교현산남분교장,전라남도
수북초등학교,전라남도
호반초등학교,강원특별자치도
동삭초등학교,경기도
지촌초등학교지암분교장,강원특별자치도
학봉초등학교,충청남도
서울답십리초등학교,서울특별시
송석초등학교,충청남도
용이초등학교,경기도
백운초등학교,부산광역시
인동초등학교,경상북도
다문초등학교,경기도
서울역삼초등학교,서울특별시
광주도평초등학교,경기도
문흥초등학교,광주광역시
인천부흥초등학교,인천광역시
삼기초등학교,전북특별자치도
공검초등학교,경상북도
서울방학초등학교,서울특별시
서평초등학교,경기도
검단초등학교,경기도
서울배봉초등학교,서울특별시
서울창일초등학교,서울특별시
서울동구로초등학교,서울특별시
탑동초등학교,경기도
문장초등학교,경상북도
대구논공초등학교,대구광역시
칠보초등학교,경기도
이리동남초등학교,전북특별자치도
청호초등학교,강원특별자치도
동수원초등학교,경기도
신창초등학교,제주특별자치도
철원초등학교,강원특별자치도
일월초등학교,경기도
서울남사초등학교,서울특별시
김천신일초등학교,경상북도
효자초등학교,경상북도
칠보초등학교,전북특별자치도
서울성산초등학교,서울특별시
구만초등학교,경상남도
산마루초등학교,경기도
서울미성초등학교,서울특별시
오산초등학교,충청남도
내토초등학교,충청북도
대감초등학교,경상남도
대구반송초등학교,대구광역시
향산초등학교,경기도
목포대성초등학교,전라남도
서곡초등학교,강원특별자치도
무녀도초등학교,전북특별자치도
불정초등학교,경기도
군포양정초등학교,경기도
대미초등학교,충청북도
월천초등학교,경상남도
오송초등학교,충청북도
대불초등학교,전라남도
현매초등학교,경기도
노화북초등학교,전라남도
범계초등학교,경기도
서울수유초등학교,서울특별시
농암초등학교청화분교장,경상북도
양양초등학교,강원특별자치도
학다리중앙초등학교,전라남도
회진초등학교,전라남도
서울도신초등학교,서울특별시
초강초등학교,충청북도
토월초등학교,경기도
동주초등학교,부산광역시
부산진초등학교,부산광역시
성호초등학교,경기도
장성초등학교,강원특별자치도
남한산초등학교,경기도
교암초등학교,전북특별자치도
태전초등학교,경기도
서울은천초등학교,서울특별시
정산초등학교,충청남도
인천단봉초등학교,인천광역시
대전관평초등학교,대전광역시
판동초등학교,충청북도
감일초등학교,경기도
석천초등학교,경기도
입면초등학교,전라남도
서울세륜초등학교,서울특별시
군서초등학교,전라남도
전주초포초등학교,전북특별자치도
서울수송초등학교,서울특별시
무등초등학교,광주광역시
시종초등학교,전라남도
관곡초등학교,경기도
남성현초등학교,경상북도
효덕초등학교,경기도
덕암초등학교,충청남도
고령초등학교,경상북도
광주산수초등학교,광주광역시
대아초등학교,경기도
주월초등학교,광주광역시
유림초등학교,경상북도
남양초등학교,경기도
서경초등학교,충청북도
달전초등학교,경상북도
서촌초등학교,경기도
외도초등학교,제주특별자치도
삼향동초등학교,전라남도
안골포초등학교,경상남도
장명초등학교,경기도
서면초등학교,충청남도
이리신동초등학교,전북특별자치도
주학초등학교,부산광역시
서울용두초등학교,서울특별시
인천신촌초등학교,인천광역시
서울난우초등학교,서울특별시
정미초등학교,충청남도
남부민초등학교,부산광역시
해강초등학교,부산광역시
서울정릉초등학교,서울특별시
안산진흥초등학교,경기도
강당초등학교,충청남도
인천만수초등학교,인천광역시
서울대동초등학교,서울특별시
향남초등학교,경기도
목포한빛초등학교,전라남도
사상초등학교,부산광역시
광양중앙초등학교,전라남도
성동초등학교,충청남도
대구초등학교,전라남도
목포이로초등학교,전라남도
서울원명초등학교,서울특별시
양산초등학교,경기도
양서초등학교,경기도
파천초등학교,경상북도
옹동초등학교,전북특별자치도
황성초등학교,경상북도
대구장동초등학교,대구광역시
서울버들초등학교,서울특별시
신지동초등학교,전라남도
삼계초등학교,경상남도
원천초등학교,강원특별자치도
해보초등학교,전라남도
인주초등학교,충청남도
오갑초등학교,충청북도
오동초등학교,강원특별자치도
복내초등학교,전라남도
서산초등학교,충청남도
서울당중초등학교,서울특별시
양덕초등학교,경상남도
서울도림초등학교,서울특별시
본오초등학교,경기도
목포신흥초등학교,전라남도
인천발산초등학교,인천광역시
수원매화초등학교,경기도
서울전곡초등학교,서울특별시
충주남산초등학교,충청북도
인천삼목초등학교장봉분교장,인천광역시
실내초등학교,강원특별자치도
인천대정초등학교,인천광역시
고경초등학교,경상북도
서울숭곡초등학교,서울특별시
소라초등학교소라남분교장,전라남도
원평초등학교,경상남도
대구월배초등학교,대구광역시
김해부곡초등학교,경상남도
충무초등학교,경상남도
길주초등학교,경상북도
화북초등학교입석분교장,경상북도
수정초등학교,충청북도
풍광초등학교,충청북도
서울삼선초등학교,서울특별시
창천초등학교,제주특별자치도
늘봄초등학교,세종특별자치시
해제남초등학교,전라남도
백구초등학교,전북특별자치도
모락초등학교,경기도
모전초등학교,경상북도
도암초등학교,전라남도
파장초등학교,경기도
서울금동초등학교,서울특별시
세도초등학교,충청남도
황등남초등학교,전북특별자치도
백록초등학교,제주특별자치도
줄포초등학교,전북특별자치도
이백초등학교,전북특별자치도
숙지초등학교,경기도
봉계초등학교,경상북도
대전신흥초등학교,대전광역시
만안초등학교,경기도
능주초등학교,전라남도
감천초등학교,부산광역시
비금동초등학교,전라남도
통영초등학교,경상남도
동방초등학교,경상북도
각화초등학교,광주광역시
신백초등학교,충청북도
인천축현초등학교,인천광역시
대구달산초등학교,대구광역시
서울신우초등학교,서울특별시
한동초등학교,제주특별자치도
아산세교초등학교,충청남도
인천경서초등학교,인천광역시
한마음초등학교,경기도
군산신풍초등학교,전북특별자치도
범서초등학교,울산광역시
삼봉초등학교난지분교장,충청남도
살레시오초등학교,광주광역시
서울신묵초등학교,서울특별시
전주완산서초등학교,전북특별자치도
북대구초등학교,대구광역시
옥천초등학교,경기도
조성남초등학교,전라남도
녹동초등학교,전라남도
제주중앙초등학교,제주특별자치도
화창초등학교,경기도
인천소양초등학교,인천광역시
서울영희초등학교,서울특별시
삼호중앙초등학교,전라남도
소안초등학교,전라남도
목포미항초등학교,전라남도
명곡초등학교,경상남도
서울봉래초등학교,서울특별시
송수초등학교,부산광역시
화령초등학교,경상북도
청도초등학교,경상북도
동부초등학교,울산광역시
대덕초등학교,전라남도
인천석남서초등학교,인천광역시
전주지곡초등학교,전북특별자치도
담주초등학교,전라남도
송암초등학교,충청남도
충화초등학교,충청남도
중동초등학교,경상남도
임피초등학교,전북특별자치도
신양초등학교,충청남도
별내초등학교,경기도
용산초등학교,부산광역시
흥무초등학교,경상북도
갈담초등학교,경기도
대구칠성초등학교,대구광역시
영통초등학교,경기도
가평초등학교,부산광역시
승지초등학교,경기도
동해초등학교,강원특별자치도
갈뫼초등학교,경기도
남명초등학교,부산광역시
안룡초등학교,경기도
삼기초등학교,전라남도
송화초등학교,경기도
염산초등학교,전라남도
동부초등학교,경상남도
동이초등학교,충청북도
도동초등학교,경상남도
시화나래초등학교,경기도
일직초등학교,경상북도
증산초등학교,경상북도
소답초등학교,경상남도
한재초등학교,전라남도
용인백현초등학교,경기도
가사초등학교,경기도
대구용계초등학교,대구광역시
구즉초등학교,대전광역시
광도초등학교,경상남도
마산초등학교,경기도
오현초등학교,경기도
청아초등학교,경기도
이리부천초등학교,전북특별자치도
대구만촌초등학교,대구광역시
강경황산초등학교,충청남도
한울초등학교,경기도
순천부영초등학교,전라남도
영흥초등학교,인천광역시
서림초등학교,충청남도
연곡초등학교,강원특별자치도
서울홍제초등학교,서울특별시
칠량초등학교,전라남도
대구용지초등학교,대구광역시
오치초등학교,광주광역시
희망대초등학교,경기도
서당초등학교,경기도
모덕초등학교,부산광역시
서울백산초등학교,서울특별시
도량초등학교,경상북도
대산초등학교,경상남도
두암초등학교,광주광역시
미원초등학교금관분교장,충청북도
군산동초등학교,전북특별자치도
천곡초등학교,울산광역시
봉덕초등학교,전라남도
세정초등학교,경기도
이산초등학교,경상북도
상현초등학교,경기도
대구가창초등학교,대구광역시
하남풍산초등학교,경기도
언암초등학교,충청남도
인천하정초등학교,인천광역시
내손초등학교,경기도
흑산초등학교,전라남도
옥산초등학교,경상북도
행정초등학교,경기도
군산풍문초등학교,전북특별자치도
사벌초등학교,경상북도
서울경인초등학교,서울특별시
성호초등학교,경상남도
백봉초등학교,충청북도
대구황금초등학교,대구광역시
광양백운초등학교,전라남도
성주초등학교,경상북도
괘법초등학교,부산광역시
인천안남초등학교,인천광역시
서울금옥초등학교,서울특별시
온평초등학교,제주특별자치도
구암초등학교,경상남도
천천초등학교,경기도
온남초등학교,울산광역시
용인신봉초등학교,경기도
인천십정초등학교,인천광역시
풍북초등학교,경상북도
서울관악초등학교,서울특별시
장산초등학교,전라남도
인천숭의초등학교,인천광역시
성남동초등학교,경기도
이화초등학교,울산광역시
광주농성초등학교,광주광역시
운산초등학교,강원특별자치도
늘푸른초등학교,경기도
백동초등학교,경상남도
서울청계초등학교,서울특별시
초성초등학교,경기도
유등초등학교,전북특별자치도
미르초등학교,세종특별자치시
마암초등학교,전북특별자치도
백화초등학교,충청남도
노화중앙초등학교,전라남도
대구사월초등학교,대구광역시
인천옥련초등학교,인천광역시
도봉초등학교,경상북도
평내초등학교,경기도
삼성초등학교,충청북도
생영초등학교,전라남도
충주삼원초등학교,충청북도
청원초등학교,경기도
서울신흥초등학교,서울특별시
구엄초등학교,제주특별자치도
교동초등학교,강원특별자치도
협신초등학교,강원특별자치도
수남초등학교,경상남도
서울양명초등학교,서울특별시
이평초등학교,전북특별자치도
시흥초등학교,경기도
백의초등학교,경기도
용정초등학교,강원특별자치도
김천동부초등학교,경상북도
시랑초등학교,경기도
인천석정초등학교,인천광역시
장기초등학교,경기도
서울당산초등학교,서울특별시
산척초등학교,충청북도
오산초등학교,전라남도
구미왕산초등학교,경상북도
서울대모초등학교,서울특별시
서울오류초등학교,서울특별시
구정초등학교,경상북도
도포초등학교,전라남도
충주교현초등학교,충청북도
한얼초등학교,경기도
국원초등학교,충청북도
미원초등학교,경기도
옥천초등학교,전라남도
동진초등학교,경상남도
운수초등학교,경상북도
순창중앙초등학교,전북특별자치도
웅남초등학교,경상남도
서울청담초등학교,서울특별시
고서초등학교,전라남도
대연초등학교,부산광역시
인천가석초등학교,인천광역시
진위초등학교,경기도
약사초등학교,울산광역시
장흥초등학교,전라남도
효돈초등학교,제주특별자치도
금일초등학교,전라남도
관촌초등학교,전북특별자치도
탑동초등학교,경기도
보평초등학교,경기도
정라초등학교,강원특별자치도
서울면북초등학교,서울특별시
월등초등학교,전라남도
쌍류초등학교,세종특별자치시
봉황초등학교,경상북도
군포초등학교,경기도
방산초등학교,경상남도
수성초등학교,경기도
중리초등학교,경상남도
서울방화초등학교,서울특별시
우강초등학교,충청남도
전주전일초등학교,전북특별자치도
배산초등학교,부산광역시
포곡초등학교,경기도
동백초등학교,전라남도
대구반야월초등학교,대구광역시
서울연지초등학교,서울특별시
정선초등학교가수분교장,강원특별자치도
한솔초등학교,전북특별자치도
동산초등학교,경상남도
미포초등학교,울산광역시
마산초등학교,충청남도
자란초등학교,경기도
안면초등학교,충청남도
오전초등학교,경기도
산곡초등학교,경기도
인의초등학교,경상북도
동래초등학교,부산광역시
토산초등학교,제주특별자치도
상북초등학교,경상남도
서일초등학교,광주광역시
지례초등학교,경상북도
옥계초등학교,강원특별자치도
대전은어송초등학교,대전광역시
이리석암초등학교,전북특별자치도
아포초등학교,경상북도
문현초등학교,울산광역시
율어초등학교,전라남도
원덕초등학교,경기도
개진초등학교,경상북도
진흥초등학교,충청북도
반송초등학교,경기도
두원초등학교,전라남도
압해초등학교,전라남도
용인한일초등학교,경기도
곡반초등학교,경기도
안동영호초등학교,경상북도
인천검암초등학교,인천광역시
영화초등학교,경기도
덕두초등학교,부산광역시
대하초등학교,경기도
율전초등학교,강원특별자치도
입암초등학교,전북특별자치도
옥서초등학교,울산광역시
남선초등학교,경상북도
대산초등학교,전북특별자치도
안의초등학교,경상남도
동백초등학교,부산광역시
오봉초등학교,전북특별자치도
목포서산초등학교,전라남도
풍산초등학교,경상북도
승주초등학교,전라남도
대성초등학교,경상남도
명인초등학교,경기도
양벌초등학교,경기도
금정초등학교,전라남도
신도초등학교,부산광역시
도척초등학교,경기도
오산대원초등학교,경기도
금성초등학교,충청북도
광주극락초등학교,광주광역시
부산초등학교,전라남도
안화초등학교,경기도
위성초등학교,경상남도
학현초등학교,경기도
월롱초등학교,경기도
대구남동초등학교,대구광역시
가사문학초등학교,전라남도
서울미아초등학교,서울특별시
덕포초등학교,부산광역시
청양초등학교,강원특별자치도
온천초등학교,경상남도
서울문덕초등학교,서울특별시
서울일신초등학교,서울특별시
장덕초등학교,광주광역시
장산초등학교,부산광역시
군자초등학교,경기도
안양서초등학교,경기도
약동초등학교,경상북도
덕양초등학교,부산광역시
운산초등학교,충청남도
현북초등학교,강원특별자치도
서산석림초등학교,충청남도
월평초등학교,전라남도
연천왕산초등학교,경기도
장량초등학교,경상북도
인천만수북초등학교,인천광역시
안흥초등학교,충청남도
청산초등학교,충청북도
한전초등학교,강원특별자치도
백산초등학교,부산광역시
서울본동초등학교,서울특별시
의왕덕성초등학교,경기도
봉래초등학교,전라남도
신영초등학교,경기도
서울개화초등학교,서울특별시
도계초등학교,경상남도
송산초등학교,경기도
인천도림초등학교,인천광역시
함안초등학교,경상남도
군산지곡초등학교,전북특별자치도
벽탄초등학교,강원특별자치도
아미초등학교,부산광역시
마산신월초등학교,경상남도
우정초등학교,경기도
전주팔복초등학교,전북특별자치도
대구강북초등학교,대구광역시
망성초등학교,전북특별자치도
구갈초등학교,경기도
용호초등학교,경상남도
단월초등학교,충청북도
구미신평초등학교,경상북도
도궁초등학교,경기도
자은초등학교,전라남도
구산초등학교,충청남도
권선초등학교,경기도
서울삼육초등학교,서울특별시
송신초등학교,경기도
연무초등학교,경기도
아화초등학교,경상북도
상봉초등학교,경기도
서울방이초등학교,서울특별시
옴천초등학교,전라남도
수원신곡초등학교,경기도
오리초등학교,경기도
일동초등학교,경상남도
가평초등학교,충청북도
서동초등학교,부산광역시
초전초등학교,경상북도
마리초등학교,경상남도
덕동초등학교,경기도
신진초등학교,경상남도
상안초등학교,울산광역시
인계초등학교,경기도
동향초등학교,전북특별자치도
오창초등학교,충청북도
보정초등학교,경기도
산성초등학교,충청북도
서울신중초등학교,서울특별시
경운초등학교,경상남도
대전가오초등학교,대전광역시
서울창림초등학교,서울특별시
쌍룡초등학교,강원특별자치도
대구효명초등학교,대구광역시
고산초등학교,전북특별자치도
서울종암초등학교,서울특별시
합포초등학교,경상남도
서울율현초등학교,서울특별시
인천신월초등학교,인천광역시
명진초등학교,부산광역시
전주조촌초등학교,전북특별자치도
서호초등학교,제주특별자치도
봉삼초등학교,부산광역시
금성초등학교,전라남도
신일초등학교,경기도
영남초등학교,경상북도
앙성초등학교,충청북도
서울여의도초등학교,서울특별시
월항초등학교지방분교장,경상북도
대일초등학교,경기도
서울남부초등학교,서울특별시
서호초등학교,경기도
대구진월초등학교,대구광역시
월포초등학교,경상남도
귀둔초등학교,강원특별자치도
고실초등학교,광주광역시
금구초등학교,광주광역시
대구왕선초등학교,대구광역시
왕미초등학교,충청북도
서울용곡초등학교,서울특별시
성주초등학교,경기도
이리동초등학교,전북특별자치도
마성초등학교,경기도
가산초등학교,경기도
약수초등학교,울산광역시
서울서신초등학교,서울특별시
전주용소초등학교,전북특별자치도
순천비봉초등학교,전라남도
동일중앙초등학교,부산광역시
대교초등학교,경상북도
화성월문초등학교,경기도
수안보초등학교,충청북도
군외초등학교,전라남도
대구의흥초등학교석산분교장,대구광역시
산북초등학교창구분교장,경상북도
산양초등학교,경상북도
무동초등학교,경상남도
도창초등학교,경기도
신길초등학교,경기도
이원초등학교,충청북도
목포용해초등학교,전라남도
언동초등학교,경기도
서울왕북초등학교,서울특별시
대창초등학교,경상북도
가평초등학교,전북특별자치도
서울대도초등학교,서울특별시
합도초등학교,충청남도
주천초등학교,강원특별자치도
인천새봄초등학교,인천광역시
남평초등학교,충청북도
오선초등학교,충청북도
연양초등학교,세종특별자치시
어도초등학교,제주특별자치도
삼성초등학교,충청남도
영전초등학교,경상남도
흑산초등학교흑산동분교장,전라남도
서울을지초등학교,서울특별시
창용초등학교,경기도
서울금산초등학교,서울특별시
북일초등학교,전라남도
우암초등학교,충청북도
은산초등학교,충청남도
안양덕현초등학교,경기도
군산구암초등학교,전북특별자치도
성신초등학교,서울특별시
군포옥천초등학교,경기도
양주백석초등학교,경기도
운중초등학교,경기도
금병초등학교,강원특별자치도
신재초등학교,부산광역시
검바위초등학교,경기도
도초초등학교,전라남도
화성장안초등학교,경기도
대전삼육초등학교,대전광역시
대전천동초등학교,대전광역시
율길초등학교,경기도
산남초등학교,충청북도
풍기초등학교,경상북도
문덕초등학교,전라남도
효원초등학교,경기도
세류초등학교,경기도
서원주초등학교,강원특별자치도
용면초등학교,전라남도
상대원초등학교,경기도
군산미성초등학교,전북특별자치도
화양초등학교,경상남도
임호초등학교,경상남도
해남서초등학교,전라남도
비두초등학교,강원특별자치도
장평초등학교,전라남도
서울탑동초등학교,서울특별시
서울수암초등학교,서울특별시
녹전초등학교,경상북도
수지초등학교,경기도
양곡초등학교,경상남도
서울가재울초등학교,서울특별시
진천상산초등학교,충청북도
만대초등학교,강원특별자치도
대전보성초등학교,대전광역시
영주동부초등학교,경상북도
갈전초등학교,경상남도
칠금초등학교,충청북도
서울영동초등학교,서울특별시
두창초등학교,경기도
인천장서초등학교,인천광역시
중앙초등학교,강원특별자치도
예당초등학교,경기도
서울용산초등학교,서울특별시
계림초등학교,경상북도
민락초등학교,부산광역시
성남미금초등학교,경기도
성포초등학교,경기도
안양남초등학교,경기도
백룡초등학교,전북특별자치도
의정부호원초등학교,경기도
서울수색초등학교,서울특별시
남원용성초등학교,전북특별자치도
율목초등학교,경기도
서울묵현초등학교,서울특별시
군산푸른솔초등학교,전북특별자치도
나진초등학교,전라남도
가포초등학교,경상남도
우암초등학교,경상남도
고성초등학교,경상남도
미로초등학교,강원특별자치도
서울삼정초등학교,서울특별시
용남초등학교,경상남도
서울덕의초등학교,서울특별시
동량초등학교,충청북도
내북초등학교,충청북도
공도초등학교,경기도
남선초등학교,강원특별자치도
서울상계초등학교,서울특별시
대구성당초등학교,대구광역시
가평마장초등학교,경기도
현덕초등학교,경기도
비아초등학교,광주광역시
화동초등학교,경상북도
대구교동초등학교,대구광역시
부흥초등학교,부산광역시
함평초등학교,전라남도
대구노변초등학교,대구광역시
송죽초등학교,경기도
평원초등학교,강원특별자치도
전주송북초등학교,전북특별자치도
성수초등학교,전북특별자치도
봉현초등학교,경상북도
가사초등학교,충청남도
수청초등학교,경기도
서울수서초등학교,서울특별시
창우초등학교,경기도
대구학남초등학교,대구광역시
쌍백초등학교,경상남도
산양초등학교,경기도
광양덕례초등학교,전라남도
진제초등학교,광주광역시
장양초등학교,강원특별자치도
나주북초등학교,전라남도
은계초등학교,경기도
홍천초등학교,경기도
백문초등학교,경기도
거학초등학교,부산광역시
광일초등학교,경기도
영동초등학교,경기도
나비초등학교,경기도
대구동원초등학교,대구광역시
정재초등학교,경기도
인천송원초등학교,인천광역시
인천금곡초등학교,인천광역시
서울선유초등학교,서울특별시
단구초등학교,강원특별자치도
시흥초등학교,제주특별자치도
서울은진초등학교,서울특별시
용문초등학교,경기도
원촌초등학교,전라남도
인천장도초등학교,인천광역시
운곡초등학교,충청남도
가산초등학교,강원특별자치도
칠곡초등학교,경상남도
백초초등학교,전라남도
청룡초등학교,경기도
연천초등학교,경기도
삼척초등학교,강원특별자치도
양지초등학교,광주광역시
동남초등학교,제주특별자치도
안남초등학교,경상남도
연천초등학교,부산광역시
대전화정초등학교,대전광역시
대평초등학교,경기도
사평초등학교,전라남도
서울미동초등학교,서울특별시
불은초등학교,인천광역시
한송초등학교,충청북도
서울봉현초등학교,서울특별시
서울은평초등학교,서울특별시
석봉초등학교,경상남도
안강제일초등학교,경상북도
송운초등학교,부산광역시
한계초등학교,강원특별자치도
목포청호초등학교,전라남도
서신초등학교,경기도
보길동초등학교,전라남도
하단초등학교,부산광역시
상월초등학교,충청남도
옥종초등학교,경상남도
다송초등학교,부산광역시
대부초등학교,경기도
청운초등학교,강원특별자치도
가은초등학교,경상북도
표선초등학교,제주특별자치도
인천관교초등학교,인천광역시
수현초등학교,경기도
대구동도초등학교,대구광역시
송림초등학교,경기도
이리서초등학교,전북특별자치도
성남은행초등학교,경기도
덕진초등학교,전라남도
인천남부초등학교이작분교장,인천광역시
문의초등학교,충청북도
점촌북초등학교,경상북도
신례원초등학교,충청남도
구덕초등학교,부산광역시
인천해서초등학교,인천광역시
안평초등학교,경상북도
서울서빙고초등학교,서울특별시
야탑초등학교,경기도
전주교육대학교전주부설초등학교,전북특별자치도
상하초등학교,경기도
새터초등학교,충청북도
대전선암초등학교,대전광역시
평은초등학교,경상북도
용두초등학교,충청북도
계곡초등학교,전라남도
냉정초등학교,경기도
마산초등학교용전분교장,전라남도
중앙기독초등학교,경기도
포항남부초등학교,경상북도
신성초등학교,경기도
산의초등학교,경기도
속초초등학교,강원특별자치도
운주초등학교,전북특별자치도
성남정자초등학교,경기도
대구한솔초등학교,대구광역시
산평초등학교,경기도
완도중앙초등학교,전라남도
서상초등학교,강원특별자치도
금호초등학교,경상남도
대구동부초등학교,대구광역시
남문초등학교,부산광역시
서울오현초등학교,서울특별시
동산초등학교,서울특별시
소룡초등학교,전북특별자치도
대야초등학교,경기도
남광초등학교,제주특별자치도
천포초등학교,경상북도
동해삼육초등학교,강원특별자치도
운정초등학교,경기도
초당초등학교,경기도
마도초등학교,경기도
토성초등학교,강원특별자치도
봉화초등학교,경상북도
용당초등학교,부산광역시
월촌초등학교,전북특별자치도
송간초등학교,충청남도
서울독산초등학교,서울특별시
삼일초등학교,울산광역시
수산초등학교,충청북도
한서초등학교,강원특별자치도
화랑초등학교,경상북도
대구강동초등학교,대구광역시
유곡초등학교,경상남도
수회초등학교,충청북도
박곡초등학교,경상북도
하남천현초등학교,경기도
경천초등학교,충청남도
진원초등학교,전라남도
용방초등학교,전라남도
둔전초등학교,경기도
구평초등학교,부산광역시
계룡초등학교,충청남도
송화초등학교,강원특별자치도
서울두산초등학교,서울특별시
서울은로초등학교,서울특별시
여수한려초등학교,전라남도
만선초등학교,경기도
서울양화초등학교,서울특별시
정왕초등학교,경기도
아천초등학교,경상북도
은석초등학교,서울특별시
백양초등학교,전라남도
대서초등학교,전라남도
서울상수초등학교,서울특별시
영덕초등학교,경기도
개군초등학교,경기도
전안초등학교,경상남도
양동초등학교,부산광역시
당리초등학교,부산광역시
도곡초등학교,전라남도
쌍봉초등학교,충청북도
금암초등학교,경기도
광양동초등학교,전라남도
대평초등학교,부산광역시
변산초등학교,전북특별자치도
온양초사초등학교,충청남도
서울가양초등학교,서울특별시
임자남초등학교,전라남도
단남초등학교,경기도
동성초등학교,부산광역시
송풍초등학교,전북특별자치도
구룡초등학교,충청남도
온양초등학교,울산광역시
산외초등학교,전북특별자치도
도둔초등학교,경기도
백석초등학교,충청남도
고기초등학교,경기도
분향초등학교,전라남도
다시초등학교,전라남도
화산초등학교,충청북도
망월초등학교,경기도
하동초등학교,경상남도
남포초등학교,경상남도
연성초등학교,경기도
남원왕치초등학교,전북특별자치도
온샘초등학교,부산광역시
서천초등학교,충청남도
사북초등학교,강원특별자치도
성송초등학교,전북특별자치도
성남북초등학교,경기도
신평초등학교,경기도
강남초등학교,울산광역시
이의초등학교,경기도
원동초등학교이천분교장,경상남도
정관초등학교,부산광역시
목포삼학초등학교,전라남도
대전계산초등학교,대전광역시
무릉초등학교,강원특별자치도
서울숭례초등학교,서울특별시
충주중앙초등학교,충청북도
만덕초등학교,부산광역시
서울동의초등학교,서울특별시
야로초등학교,경상남도
금산초등학교,충청남도
대구관문초등학교,대구광역시
제황초등학교,경상남도
서울연희초등학교,서울특별시
문덕초등학교,경상북도
대구강림초등학교,대구광역시
양주초등학교,경상남도
나래초등학교,세종특별자치시
장서초등학교,부산광역시
금남초등학교,세종특별자치시
신곡초등학교,경기도
당정초등학교,경기도
해운초등학교,경상남도
세풍초등학교,전라남도
우수영초등학교,전라남도
화성금곡초등학교,경기도
금오초등학교,충청남도
대구신천초등학교,대구광역시
두촌초등학교,강원특별자치도
산정초등학교,광주광역시
호성초등학교,경기도
서울진관초등학교,서울특별시
이동초등학교,경상북도
선원초등학교,인천광역시
성산초등학교,전라남도
입북초등학교,경기도
화성장안초등학교석포분교장,경기도
서울새솔초등학교,서울특별시
전주화산초등학교,전북특별자치도
광주북초등학교,광주광역시
대전원앙초등학교,대전광역시
학돌초등학교,충청남도
치악초등학교,강원특별자치도
서귀포초등학교,제주특별자치도
팔마초등학교,전라남도
여수부영초등학교,전라남도
매곡초등학교,광주광역시
증포초등학교,경기도
대전자운초등학교,대전광역시
아주초등학교,경상남도
관모초등학교,경기도
상암초등학교,전라남도
만승초등학교,충청북도
서울가곡초등학교,서울특별시
서울정덕초등학교,서울특별시
금천초등학교,충청북도
석동초등학교,경상남도
어상천초등학교,충청북도
벽진초등학교,경상북도
청대초등학교,강원특별자치도
진해냉천초등학교,경상남도
수원중촌초등학교,경기도
미륵초등학교,전북특별자치도
서울남정초등학교,서울특별시
석화초등학교,강원특별자치도
차황초등학교,경상남도
용북초등학교,전북특별자치도
갈담초등학교,전북특별자치도
기산초등학교,충청남도
공주봉황초등학교,충청남도
청송초등학교,경상북도
광주삼육초등학교,광주광역시
서울이수초등학교,서울특별시
구학초등학교,부산광역시
자천초등학교보현분교장,경상북도
서울신북초등학교,서울특별시
금광초등학교,강원특별자치도
농암초등학교,경상북도
다온초등학교,경기도
단샘초등학교,경기도
태안초등학교,경기도
서울개포초등학교,서울특별시
대월초등학교,인천광역시
평산초등학교,울산광역시
청도초등학교,경상남도
용산초등학교,전북특별자치도
완도초등학교,전라남도
다솔초등학교,경기도
강경산양초등학교,충청남도
서울화계초등학교,서울특별시
보름초등학교,경기도
대구동천초등학교,대구광역시
매봉초등학교,경기도
화성매송초등학교,경기도
대구신서초등학교,대구광역시
춘천초등학교,강원특별자치도
범어초등학교,경상남도
포리초등학교,경기도
설천초등학교,전북특별자치도
사창초등학교,경기도
내동초등학교,경상남도
서울경일초등학교,서울특별시
장기초등학교,세종특별자치시
정안초등학교,충청남도
서울망우초등학교,서울특별시
서울길원초등학교,서울특별시
서울공릉초등학교,서울특별시
샛별초등학교,경상남도
부인초등학교,경기도
해운초등학교,경기도
춘포초등학교,전북특별자치도
대야초등학교,전북특별자치도
원천초등학교,경기도
서울용강초등학교,서울특별시
대구성남초등학교,대구광역시
더럭초등학교,제주특별자치도
웅포초등학교,전북특별자치도
나포초등학교,전북특별자치도
모라초등학교,부산광역시
수정초등학교,충청남도
남천초등학교,부산광역시
서울원효초등학교,서울특별시
선암초등학교,울산광역시
오가초등학교,충청남도
망상초등학교,강원특별자치도
용성초등학교,전북특별자치도
목동초등학교,경기도
의신초등학교접도분교장,전라남도
발산초등학교,전북특별자치도
성서초등학교,경기도
개천초등학교,경상남도
서울창도초등학교,서울특별시
서울석계초등학교,서울특별시
대구해안초등학교,대구광역시
호연초등학교,울산광역시
오산초등학교,전북특별자치도
안양초등학교,경기도
군산서해초등학교,전북특별자치도
소수초등학교,충청북도
대구월서초등학교,대구광역시
안산양지초등학교,경기도
이천단월초등학교,경기도
포일초등학교,경기도
우석초등학교,강원특별자치도
서울신현초등학교,서울특별시
홍원초등학교,경기도
서울신창초등학교,서울특별시
매포초등학교,충청북도
행안초등학교,전북특별자치도
순흥초등학교,경상북도
김제북초등학교,전북특별자치도
성남양지초등학교,경기도
원곡초등학교,경기도
양덕초등학교,부산광역시
서울잠현초등학교,서울특별시
서울홍은초등학교,서울특별시
용원초등학교,충청북도
서울이태원초등학교,서울특별시
충무초등학교,충청남도
온신초등학교,경기도
대전삼천초등학교,대전광역시
구포초등학교,부산광역시
서울영중초등학교,서울특별시
율촌초등학교,전라남도
봉원초등학교,경상남도
우산초등학교,강원특별자치도
하의초등학교,전라남도
서울행림초등학교,서울특별시
가동초등학교,부산광역시
신관초등학교,충청남도
대구현풍초등학교,대구광역시
서울상현초등학교,서울특별시
고부초등학교,전북특별자치도
영춘초등학교,충청북도
예울초등학교,전라남도
서울증산초등학교,서울특별시
동화초등학교,전라남도
대구감삼초등학교,대구광역시
대전문성초등학교,대전광역시
원일초등학교,경기도
세지초등학교,전라남도
대구금계초등학교,대구광역시
옥천초등학교,부산광역시
서울길동초등학교,서울특별시
전주북일초등학교,전북특별자치도
서울신남초등학교,서울특별시
현성초등학교,강원특별자치도
화홍초등학교,경기도
수산초등학교,제주특별자치도
득량남초등학교,전라남도
웅천초등학교,전라남도
선일초등학교,서울특별시
목감초등학교,경기도
송우초등학교,광주광역시
서울공덕초등학교,서울특별시
도산초등학교,충청남도
수월초등학교,경상남도
순천왕운초등학교,전라남도
대구화원초등학교,대구광역시
내장초등학교,전북특별자치도
충현초등학교,경기도
금성초등학교금계분교장,충청남도
이리중앙초등학교,전북특별자치도
궁평초등학교,경기도
영남초등학교,전라남도
초지초등학교,경기도
서석초등학교청량분교장,강원특별자치도
동명초등학교,충청북도
운천초등학교,충청북도
삼정초등학교,광주광역시
평택성동초등학교,경기도
임고초등학교,경상북도
신등초등학교,경상남도
석산초등학교,경상남도
서상초등학교,경상남도
성화초등학교,충청북도
원당초등학교,충청남도
서울흑석초등학교,서울특별시
화랑초등학교,부산광역시
부곡중앙초등학교,경기도
형남초등학교,경상북도
봉양초등학교,강원특별자치도
회화초등학교,경상남도
일산초등학교,강원특별자치도
송라초등학교,경기도
홍산초등학교,충청남도
복흥초등학교,전북특별자치도
대구월암초등학교,대구광역시
근흥초등학교,충청남도
의신초등학교모도분교장,전라남도
삼호서초등학교,전라남도
서울대치초등학교,서울특별시
동화초등학교,경기도
대구수성초등학교,대구광역시
남대구초등학교,대구광역시
광양칠성초등학교,전라남도
서울신양초등학교,서울특별시
여수진남초등학교,전라남도
서울포이초등학교,서울특별시
과천초등학교,경기도
절영초등학교,부산광역시
율천초등학교,경상남도
서울혜화초등학교,서울특별시
미암초등학교,전라남도
청명초등학교,경기도
예미초등학교운치분교장,강원특별자치도
고양한내초등학교,경기도
서울유현초등학교,서울특별시
백전초등학교,경상남도
대호초등학교,경기도
희성초등학교,경기도
서울상원초등학교,서울특별시
이원초등학교,충청남도
신곡초등학교,부산광역시
세천초등학교,대전광역시
금당초등학교,충청남도
화명초등학교,부산광역시
여수서초등학교,전라남도
신양초등학교,경상남도
소정초등학교,세종특별자치시
군문초등학교,경기도
창오초등학교,전북특별자치도
대전비래초등학교,대전광역시
진동초등학교,경상남도
전주완산초등학교,전북특별자치도
근덕초등학교,강원특별자치도
광명광성초등학교,경기도
성안초등학교,울산광역시
합천초등학교,충청남도
대구동문초등학교,대구광역시
일광초등학교,부산광역시
춘천삼육초등학교,강원특별자치도
양도초등학교,인천광역시
서해초등학교,경기도
계룡대실초등학교,충청남도
고산초등학교,제주특별자치도
인천송일초등학교,인천광역시
인천만월초등학교,인천광역시
대구태전초등학교,대구광역시
남산초등학교,부산광역시
서울송례초등학교,서울특별시
반안초등학교,부산광역시
대구봉무초등학교,대구광역시
대구동촌초등학교,대구광역시
대구효동초등학교,대구광역시
제석초등학교,경상남도
산양초등학교풍화분교장,경상남도
상명대학교사범대학부속초등학교,서울특별시
삼도초등학교,광주광역시
남외초등학교,울산광역시
대구내서초등학교,대구광역시
유림초등학교,경상남도
호계초등학교,경기도
조치원교동초등학교,세종특별자치시
모아초등학교,경상북도
대구칠곡초등학교,대구광역시
봉래초등학교,강원특별자치도
서울가원초등학교,서울특별시
인천성리초등학교,인천광역시
양구초등학교,강원특별자치도
서진초등학교,경상남도
무주초등학교,전북특별자치도
거성초등학교,강원특별자치도
운산초등학교,부산광역시
용호초등학교,부산광역시
대구불로초등학교,대구광역시
북삼초등학교,강원특별자치도
군포신기초등학교,경기도
서울면동초등학교,서울특별시
병곡초등학교,경상남도
옥동초등학교,강원특별자치도
안강초등학교,경상북도
울산중앙초등학교,울산광역시
시흥장현초등학교,경기도
인천청호초등학교,인천광역시
복수초등학교,충청남도
서울원촌초등학교,서울특별시
대구태암초등학교,대구광역시
신탄진용정초등학교,대전광역시
대구서촌초등학교,대구광역시
인천한빛초등학교,인천광역시
시흥은행초등학교,경기도
청해초등학교,전라남도
송지초등학교,전라남도
서울한남초등학교,서울특별시
명산초등학교,울산광역시
별가람초등학교,경기도
서울명신초등학교,서울특별시
도산초등학교,광주광역시
서울서원초등학교,서울특별시
모충초등학교,충청북도
연지초등학교,부산광역시
애월초등학교,제주특별자치도
서울신곡초등학교,서울특별시
조산초등학교,강원특별자치도
대구구암초등학교,대구광역시
하안초등학교,경기도
대구북부초등학교,대구광역시
서울잠실초등학교,서울특별시
장흥초등학교,강원특별자치도
안성초등학교,경기도
영천초등학교,경상북도
서운초등학교,경기도
서울불광초등학교,서울특별시
죽성초등학교,부산광역시
대구용호초등학교,대구광역시
서울잠일초등학교,서울특별시
혜화초등학교,부산광역시
연신초등학교,부산광역시
인천부평동초등학교,인천광역시
동곡초등학교,광주광역시
원북초등학교,충청남도
가덕초등학교,충청북도
김천부곡초등학교,경상북도
연제초등학교,부산광역시
인구초등학교,강원특별자치도
고암초등학교,경상남도
대구두류초등학교,대구광역시
광주용산초등학교,광주광역시
서울독립문초등학교,서울특별시
괘릉초등학교,경상북도
대구경운초등학교,대구광역시
안녕초등학교,경기도
서울신내초등학교,서울특별시
서울중곡초등학교,서울특별시
마차초등학교,강원특별자치도
서울전농초등학교,서울특별시
대구동신초등학교,대구광역시
대구중리초등학교,대구광역시
장평초등학교,강원특별자치도
서울공진초등학교,서울특별시
서울영화초등학교,서울특별시
안양관악초등학교,경기도
대술초등학교,충청남도
벽방초등학교,경상남도
대구대곡초등학교,대구광역시
서울자곡초등학교,서울특별시
대구매천초등학교,대구광역시
대구남명초등학교,대구광역시
예산중앙초등학교,충청남도
철산초등학교,경기도
일도초등학교,제주특별자치도
성읍초등학교,제주특별자치도
태흥초등학교,제주특별자치도
서울논현초등학교,서울특별시
대구수창초등학교,대구광역시
서울구룡초등학교,서울특별시
학하초등학교,대전광역시
유촌초등학교,광주광역시
부민초등학교,부산광역시
한국교원대학교부설월곡초등학교,충청북도
동산초등학교,경상북도
명문초등학교,부산광역시
청솔초등학교,울산광역시
신촌초등학교,제주특별자치도
대구옥산초등학교,대구광역시
서울가주초등학교,서울특별시
상일초등학교,경상남도
입암초등학교,경상북도
금광초등학교조령분교장,경기도
내혜홀초등학교,경기도
반곡초등학교,세종특별자치시
신동초등학교,강원특별자치도
송정서초등학교,광주광역시
대전흥룡초등학교,대전광역시
응봉초등학교,충청남도
하안북초등학교,경기도
동화초등학교,강원특별자치도
구봉초등학교,경상남도
연곡초등학교,경기도
솔빛초등학교,세종특별자치시
진례초등학교,경상남도
반곡초등학교,강원특별자치도
서울위례솔초등학교,서울특별시
화정남초등학교,광주광역시
소래초등학교,경기도
간성초등학교,강원특별자치도
모산초등학교,강원특별자치도
가조초등학교,경상남도
대구하빈초등학교,대구광역시
대구효목초등학교,대구광역시
오산고현초등학교,경기도
서울신성초등학교,서울특별시
서울마천초등학교,서울특별시
삼방초등학교,경상남도
대구달서초등학교,대구광역시
동명초등학교,강원특별자치도
남이초등학교,충청북도
대구대실초등학교,대구광역시
송정중앙초등학교,광주광역시
묘장초등학교,강원특별자치도
서울장평초등학교,서울특별시
대구관남초등학교,대구광역시
신명초등학교,경상남도
길상초등학교,인천광역시
반산초등학교,부산광역시
수동초등학교,경상남도
낙민초등학교,부산광역시
상사초등학교,전라남도
안양중앙초등학교,경기도
서울오금초등학교,서울특별시
내황초등학교,울산광역시
광명북초등학교,경기도
광명서초등학교,경기도
광주대성초등학교,광주광역시
신촌초등학교,부산광역시
인천신현초등학교,인천광역시
서울오륜초등학교,서울특별시
서울개명초등학교,서울특별시
서울신강초등학교,서울특별시
서울가산초등학교,서울특별시
도학초등학교,강원특별자치도
서울원묵초등학교,서울특별시
동대전초등학교,대전광역시
대전둔원초등학교,대전광역시
나루초등학교,세종특별자치시
대구대천초등학교,대구광역시
구산초등학교,경상남도
김해구지초등학교,경상남도
군산금광초등학교,전북특별자치도
장마초등학교,경상남도
서울대곡초등학교,서울특별시
서울정곡초등학교,서울특별시
용성초등학교,경상북도
대구침산초등학교,대구광역시
서울안천초등학교,서울특별시
속사초등학교,강원특별자치도
서울대진초등학교,서울특별시
여수종고초등학교,전라남도
서석초등학교,강원특별자치도
대진초등학교,경상남도
동궁초등학교,부산광역시
북면초등학교,경상남도
동해중앙초등학교,강원특별자치도
남목초등학교,울산광역시
청완초등학교,전북특별자치도
대구대청초등학교,대구광역시
호계초등학교,경상남도
인천청람초등학교,인천광역시
대전동광초등학교,대전광역시
일동초등학교,광주광역시
진정초등학교,경상남도
정선초등학교,강원특별자치도
동명초등학교,대전광역시
서생초등학교,울산광역시
서울영도초등학교,서울특별시
매산초등학교,울산광역시
대구학정초등학교,대구광역시
와룡초등학교,경상북도
임곡초등학교,광주광역시
교동초등학교,부산광역시
성저초등학교,경기도
북성초등학교,경상남도
서울월촌초등학교,서울특별시
서울신길초등학교,서울특별시
대구매곡초등학교,대구광역시
문촌초등학교,경기도
연미초등학교,부산광역시
창신초등학교,부산광역시
서울은정초등학교,서울특별시
거제상동초등학교,경상남도
용인한빛초등학교,경기도
달산초등학교,부산광역시
삼산초등학교,인천광역시
노음초등학교,경상북도
저청초등학교,제주특별자치도
서울미래초등학교,서울특별시
대구죽곡초등학교,대구광역시
서울연촌초등학교,서울특별시
덕계초등학교,경상남도
녹수초등학교,울산광역시
서울가동초등학교,서울특별시
주례초등학교,부산광역시
선창초등학교,광주광역시
화정초등학교,부산광역시
성천초등학교,부산광역시
일산초등학교,경기도
동송초등학교,강원특별자치도
도산초등학교,울산광역시
덕송초등학교,대전광역시
서벽초등학교,경상북도
하안남초등학교,경기도
주엽초등학교,경기도
노안남초등학교,전라남도
대전봉명초등학교,대전광역시
금일동초등학교,전라남도
대구유가초등학교,대구광역시
주전초등학교,울산광역시
대구서변초등학교,대구광역시
함월초등학교,울산광역시
대성동초등학교,경기도
천상초등학교,울산광역시
청량초등학교,울산광역시
우정초등학교,울산광역시
산동초등학교,경상남도
대구비슬초등학교,대구광역시
문수초등학교,울산광역시
삼계초등학교,경상남도
일산초등학교,울산광역시
송진초등학교,경상남도
노진초등학교,경기도
주원초등학교,경기도
대구신암초등학교,대구광역시
선암초등학교,부산광역시
양성초등학교,부산광역시
한솔초등학교,세종특별자치시
서울우장초등학교,서울특별시
일산은행초등학교,경기도
남면초등학교양덕분교장,경기도
격동초등학교,울산광역시
명덕초등학교,울산광역시
하원초등학교,제주특별자치도
충주용산초등학교,충청북도
수정초등학교,부산광역시
운담초등학교,경기도
덕산초등학교,경상남도
대구경진초등학교,대구광역시
장림초등학교,부산광역시
백신초등학교,경기도
양정초등학교,부산광역시
대구용산초등학교,대구광역시
대구죽전초등학교,대구광역시
화진초등학교,울산광역시
한빛초등학교,경기도
대구파동초등학교,대구광역시
온정초등학교,경상북도
기성초등학교,경상북도
서울신방학초등학교,서울특별시
부구초등학교,경상북도
동항초등학교,부산광역시
다전초등학교,울산광역시
금계초등학교,경기도
소천초등학교,경상북도
학성초등학교,울산광역시
대구월곡초등학교,대구광역시
은빛초등학교,광주광역시
서울신상계초등학교,서울특별시
대구노전초등학교,대구광역시
서울교육대학교부설초등학교,서울특별시
대구명곡초등학교,대구광역시
성사초등학교,경기도
거제초등학교,경상남도
장생포초등학교,울산광역시
중곡초등학교,경상남도
삼산초등학교,전라남도
서울잠전초등학교,서울특별시
신기초등학교,경상북도
대전금동초등학교,대전광역시
인천백석초등학교,인천광역시
인천인동초등학교,인천광역시
삼남초등학교,울산광역시
인평초등학교,경상남도
나성초등학교,세종특별자치시
대구남송초등학교,대구광역시
고양관산초등학교,경기도
물야초등학교,경상북도
이화여자대학교사범대학부속초등학교,서울특별시
남양주동곡초등학교,경기도
하늘초등학교,경기도
용연초등학교,울산광역시
굴화초등학교,울산광역시
태종대초등학교,부산광역시
사남초등학교,부산광역시
은하수초등학교,경상남도
대구화동초등학교,대구광역시
다솜초등학교,경기도
언양초등학교,울산광역시
덕계초등학교,경기도
청암초등학교,경기도
동암초등학교,경기도
동오초등학교,경기도
강내초등학교,충청북도
낙민초등학교,경기도
냉천초등학교,경기도
고양백석초등학교,경기도
대구대산초등학교,대구광역시
용신초등학교,경기도
남양주송촌초등학교,경기도
토당초등학교,경기도
금남초등학교,경기도
원흥초등학교,경기도
왜관동부초등학교,경상북도
죽변초등학교,경상북도
남강초등학교,경상남도
저동초등학교,경기도
광사초등학교,경기도
대구관음초등학교,대구광역시
대구이곡초등학교,대구광역시
대구성곡초등학교,대구광역시
동명초등학교,경상북도
동두천송내초등학교,경기도
대곡초등학교,경기도
흑산초등학교홍도분교장,전라남도
청운초등학교,경기도
장파초등학교,경기도
상탄초등학교,경기도
신천초등학교,경기도
서울개웅초등학교,서울특별시
삼정자초등학교,경상남도
포천초등학교,경기도
평해초등학교,경상북도
동천초등학교,울산광역시
성동초등학교,부산광역시
석포초등학교,경상북도
재산초등학교,경상북도
자유초등학교,경기도
광양제철초등학교,전라남도
영화초등학교,울산광역시
서울개봉초등학교,서울특별시
대구동산초등학교,대구광역시
풍산초등학교,경기도
외북초등학교,경기도
시흥도원초등학교,경기도
서울대학교사범대학부설초등학교,서울특별시
울진초등학교,경상북도
송학초등학교,광주광역시
신촌초등학교,경기도
손곡초등학교,경기도
마지초등학교,경기도
풍양초등학교,경기도
정교초등학교,경기도
삼덕초등학교,경기도
여울초등학교,경기도
매화초등학교,경상북도
파주송화초등학교,경기도
고양초등학교,경기도
원중초등학교,경기도
가온초등학교,경기도
문막초등학교,강원특별자치도
태안초등학교,충청남도
고양화수초등학교,경기도
갈현초등학교,경기도
검산초등학교,경기도
송포초등학교,경기도
백양초등학교,경기도
인천가원초등학교,인천광역시
파주대원초등학교,경기도
장현초등학교,경기도
농서초등학교,울산광역시
대구종로초등학교,대구광역시
대구신당초등학교,대구광역시
대구용전초등학교,대구광역시
덕도초등학교,경기도
금호초등학교,광주광역시
하남중앙초등학교,광주광역시
오륙도초등학교,부산광역시
후포동부초등학교,경상북도
봉덕초등학교,경상남도
동광초등학교,서울특별시
서선초등학교,경상북도
담양동초등학교,전라남도
인천양촌초등학교,인천광역시
답내초등학교,경기도
창신초등학교,경기도
고양신일초등학교,경기도
서울염경초등학교,서울특별시
이곡초등학교,경기도
이동초등학교,경기도
중산초등학교,경기도
남양주미금초등학교,경기도
남양주송라초등학교,경기도
적암초등학교,경기도
나룰초등학교,경기도
두일초등학교,경기도
웅담초등학교,경기도
새금초등학교,경기도
원당초등학교,경기도
장내초등학교,경기도
백송초등학교,경기도
신북초등학교,경기도
가양초등학교,경기도
후포초등학교,경상북도
문원초등학교,경기도
대구삼덕초등학교,대구광역시
대구산격초등학교,대구광역시
금신초등학교,경기도
소요초등학교,경기도
도산초등학교,경상남도
인천효성서초등학교,인천광역시
화성화수초등학교,경기도
샘모루초등학교,경기도
고양화정초등학교,경기도
파주와동초등학교,경기도
한수초등학교,경기도
구룡초등학교,경기도
송추초등학교,경기도
효촌초등학교,경기도
암태초등학교,전라남도
삼신초등학교,울산광역시
가곡초등학교,경기도
고봉초등학교,경기도
인천후정초등학교,인천광역시
솔개초등학교,경기도
명호초등학교,경상북도
모당초등학교,경기도
한뫼초등학교,경기도
회천초등학교,경기도
송우초등학교,경기도
강선초등학교,경기도
금촌초등학교,경기도
도촌초등학교,경상북도
문화초등학교,경기도
교하초등학교,경기도
양일초등학교,경기도
벽제초등학교,경기도
용두초등학교,경기도
장기초등학교모포분교장,경상북도
장천초등학교,전라남도
서탄초등학교,경기도
능안초등학교,경기도
덕암초등학교,경기도
인평초등학교,경상북도
한산초등학교,경기도
신복초등학교,울산광역시
가운초등학교,경기도
삼정초등학교,울산광역시
화잠초등학교,부산광역시
고양용현초등학교,경기도
덕이초등학교,경기도
해솔초등학교,경기도
가좌초등학교,경기도
능곡초등학교,경기도
안곡초등학교,경기도
삼근초등학교,경상북도
금릉초등학교,경기도
도수초등학교,경기도
비산초등학교,경기도
덕천초등학교,경기도
만송초등학교,경기도
수원초등학교,제주특별자치도
파평초등학교,경기도
대구초등학교,대구광역시
장자초등학교,경기도
가음초등학교,경상북도
조현초등학교,경기도
금향초등학교,경기도
목암초등학교,경기도
심학초등학교,경기도
연풍초등학교,경기도
한가람초등학교,경기도
구지초등학교,경기도
유영초등학교,경상남도
금교초등학교,경기도
지현초등학교,경기도
대화초등학교,경기도
아람초등학교,경기도
인천삼목초등학교,인천광역시
화산초등학교,경기도
법전중앙초등학교,경상북도
봉성초등학교,경상북도
남양주신촌초등학교,경기도
남양주양지초등학교,경기도
남양주월문초등학교,경기도
내양초등학교,경기도
담양남초등학교,전라남도
남면초등학교,경기도
성신초등학교,경기도
인창초등학교,경기도
가람초등학교,경기도
도마산초등학교,경기도
무원초등학교,경기도
창수초등학교,경기도
금화초등학교,경기도
장촌초등학교,경기도
학산초등학교,전라남도
인천논곡초등학교,인천광역시
용원초등학교,경상남도
청천초등학교,전라남도
옥산초등학교,전북특별자치도
신능초등학교,경기도
문산초등학교,경기도
주양초등학교,부산광역시
개운초등학교,울산광역시
수택초등학교,경기도
마정초등학교,경기도
동양초등학교,경상북도
조안초등학교,경기도
약수초등학교,전라남도
행남초등학교,경기도
인천영선초등학교,인천광역시
대구들안길초등학교,대구광역시
지석초등학교,경기도
진안초등학교,전북특별자치도
흥해서부초등학교,경상북도
흥해남산초등학교,경상북도
화봉초등학교,경기도
반송초등학교,경상남도
백마초등학교,경기도
안산대월초등학교,경기도
광숭초등학교,경기도
태봉초등학교,경기도
남양주백봉초등학교,경기도
봉일천초등학교,경기도
안중초등학교,경기도
왕방초등학교,경기도
남양주금곡초등학교,경기도
용문초등학교,경상북도
정발초등학교,경기도
관양초등학교,경기도
석곶초등학교,경기도
증약초등학교,충청북도
민락초등학교,경기도
중동초등학교,전라남도
원당초등학교,충청북도
용산초등학교,전라남도
남계초등학교,경상북도
한려초등학교,경상남도
옥룡초등학교,전라남도
창수초등학교인천분교장,경상북도
남양주덕송초등학교,경기도
서울염리초등학교,서울특별시
오동초등학교,경기도
오마초등학교,경기도
군동초등학교,전라남도
인천갈월초등학교,인천광역시
영산포초등학교,전라남도
내촌초등학교,경기도
태장초등학교,경기도
곡선초등학교,경기도
추산초등학교,경기도
축석초등학교,경기도
성라초등학교,경기도
보라초등학교,경기도
동삼초등학교,부산광역시
상운초등학교,경상북도
성황초등학교,전라남도
구리초등학교,경기도
황룡초등학교,경기도
문시초등학교,경기도
능동초등학교,경기도
행신초등학교,경기도
와석초등학교,경기도
성석초등학교,경기도
적서초등학교,경기도
청계초등학교,전라남도
지도초등학교,경기도
각골초등학교,경기도
하천초등학교,경상남도
송양초등학교,경기도
신산초등학교,경기도
은봉초등학교,경기도
동두천초등학교,경기도
창동초등학교,경상남도
성암초등학교,충청북도
율동초등학교,경기도
장성초등학교,경기도
보산초등학교,경기도
지산초등학교,경기도
조원초등학교,경기도
군내초등학교,경기도
광릉초등학교,경기도
문발초등학교,경기도
동보초등학교,경기도
관문초등학교,경기도
율량초등학교,충청북도
이수초등학교,충청북도
곡정초등학교,경기도
봉산초등학교,전라남도
일동초등학교,경기도
현산초등학교,경기도
천현초등학교,경기도
서울금천초등학교,서울특별시
인천석천초등학교,인천광역시
교문초등학교,경기도
발곡초등학교,경기도
신지초등학교,경기도
안내초등학교,충청북도
청옥초등학교,경기도
행정초등학교,충청북도
풍동초등학교,경기도
화현초등학교,경기도
통일초등학교,경기도
서울윤중초등학교,서울특별시
청림초등학교,경상북도
화성초등학교,경기도
가회초등학교,경상남도
호평초등학교,경기도
장승초등학교,경기도
임진초등학교,경기도
고현초등학교,경기도
용인심곡초등학교,경기도
남신초등학교,충청북도
포항장흥초등학교,경상북도
건원초등학교,경기도
예당초등학교,전라남도
배양초등학교,경기도
대전동서초등학교,대전광역시
서울중계초등학교,서울특별시
인천송림초등학교,인천광역시
충주성남초등학교,충청북도
초계초등학교,경상남도
화접초등학교,경기도
남양주도곡초등학교,경기도
솔빛초등학교,경기도
장야초등학교,충청북도
매홀초등학교,경기도
인천왕길초등학교,인천광역시
아산초등학교,전라남도
산이서초등학교,전라남도
문산동초등학교,경기도
평택초등학교,경기도
대양초등학교,경상남도
인천갈산초등학교,인천광역시
청석초등학교,경기도
용정초등학교,경기도
지곡초등학교,경기도
양주덕현초등학교,경기도
죽전초등학교,경기도
청천초등학교,충청북도
삼성초등학교,경기도
청성초등학교,충청북도
화중초등학교,경기도
서울방현초등학교,서울특별시
탄현초등학교,경기도
고림초등학교,경기도
서울중현초등학교,서울특별시
고잔초등학교,경기도
부구초등학교삼당분교장,경상북도
평동초등학교,경기도
산포초등학교,전라남도
장곡초등학교,경기도
관산남초등학교,전라남도
모현초등학교,경기도
장성중앙초등학교,전라남도
소양서초등학교,전북특별자치도
송북초등학교,경기도
매곡초등학교,충청북도
해원초등학교,부산광역시
무정초등학교,부산광역시
한솔초등학교,충청북도
홍농서초등학교,전라남도
일로동초등학교,전라남도
서울용동초등학교,서울특별시
남후초등학교,경상북도
서원초등학교,경기도
수한초등학교,충청북도
가경초등학교,충청북도
창포초등학교,경상북도
승학초등학교,부산광역시
신남초등학교,부산광역시
경화초등학교,경상남도
일로초등학교청망분교장,전라남도
장동초등학교,전라남도
오포초등학교,경기도
팽성초등학교,경기도
인천부개서초등학교,인천광역시
평일초등학교,경기도
일로초등학교,전라남도
대보초등학교,경상북도
서울자운초등학교,서울특별시
서울신당초등학교,서울특별시
지례초등학교부항분교장,경상북도
인천도화초등학교,인천광역시
토월초등학교,경상남도
포항동부초등학교,경상북도
판곡초등학교,경기도
동면초등학교,전라남도
대룡초등학교,경상북도
의성북부초등학교,경상북도
수동초등학교,경기도
진건초등학교,경기도
파양초등학교,경기도
구정초등학교,충청북도
원황초등학교,경상북도
용암초등학교,경상북도
고흥동초등학교,전라남도
충렬초등학교,경상남도
구례중앙초등학교,전라남도
인천용유초등학교,인천광역시
경주초등학교,경상북도
심석초등학교,경기도
나산초등학교,경상북도
내가초등학교,인천광역시
봉강초등학교,전라남도
한일초등학교,경기도
서울중평초등학교,서울특별시
인덕초등학교,경상북도
부용초등학교,경기도
운광초등학교,경기도
서울신용산초등학교,서울특별시
양오초등학교,경기도
평택중앙초등학교,경기도
인천용정초등학교,인천광역시
도이초등학교,경기도
인천진산초등학교,인천광역시
달천초등학교매현분교장,충청북도
장곡초등학교,경상북도
금산초등학교,전라남도
하례초등학교,제주특별자치도
홍광초등학교,충청북도
동주초등학교,충청북도
필봉초등학교,경기도
안산화정초등학교,경기도
안양초등학교,전라남도
이양초등학교,전라남도
안청초등학교,경상남도
개원초등학교,부산광역시
평택안일초등학교,경기도
죽향초등학교,충청북도
고정초등학교,경기도
구봉초등학교,경기도
가북초등학교,경상남도
해남동초등학교,전라남도
평택영신초등학교,경기도
용흥초등학교,경상북도
이리팔봉초등학교,전북특별자치도
원당초등학교,강원특별자치도
반지초등학교,경기도
대구유천초등학교,대구광역시
양영초등학교,경기도
반남초등학교,전라남도
본원초등학교,경기도
동구초등학교,경기도
인천용현초등학교,인천광역시
용수초등학교,부산광역시
서울강서초등학교,서울특별시
남성초등학교,경상북도
불갑초등학교,전라남도
인천능내초등학교,인천광역시
소이초등학교,충청북도
도산초등학교,경상북도
당촌초등학교,경기도
한마음초등학교,제주특별자치도
현촌초등학교,경기도
구산초등학교구서분교장,경상남도
대길초등학교,충청북도
인천신대초등학교,인천광역시
인천약산초등학교,인천광역시
녹양초등학교,경기도
신녕초등학교,경상북도
위량초등학교,경상북도
북일초등학교,전라남도
교동초등학교,충청북도
석성초등학교,경기도
송학초등학교,충청북도
서경초등학교,경기도
인천은봉초등학교,인천광역시
신호초등학교,부산광역시
인천남촌초등학교,인천광역시
하장초등학교,강원특별자치도
동광초등학교,충청북도
화서초등학교,경기도
청안초등학교,충청북도
성지초등학교,경기도
토지초등학교,전라남도
영덕야성초등학교,경상북도
갈곶초등학교,경기도
인월초등학교,전북특별자치도
서울광남초등학교,서울특별시
인천개흥초등학교,인천광역시
덕산초등학교,경상북도
용강초등학교,경상북도
북평초등학교,강원특별자치도
대구지묘초등학교,대구광역시
관산초등학교,경기도
인천봉수초등학교,인천광역시
수봉초등학교,충청북도
노안초등학교,전라남도
화목초등학교,경상북도
양평단월초등학교,경기도
송일초등학교,경기도
인천부내초등학교,인천광역시
운남초등학교,전라남도
동명초등학교,부산광역시
죽도초등학교,경상북도
대송초등학교,경상북도
세교초등학교,경기도
남양초등학교,경상남도
솔뫼초등학교,경기도
죽리초등학교,충청북도
나주중앙초등학교,전라남도
구성초등학교,경기도
서울면일초등학교,서울특별시
죽천초등학교,경상북도
달천초등학교,충청북도
남천초등학교,충청북도
죽림초등학교,경상남도
평택지산초등학교,경기도
화당초등학교,충청북도
의정부중앙초등학교,경기도
구운초등학교,경상북도
영도초등학교,부산광역시
상승초등학교,강원특별자치도
진위초등학교산대분교장,경기도
광주봉주초등학교,광주광역시
감천초등학교,경상북도
원동초등학교,경기도
축산항초등학교,경상북도
용남초등학교,경상남도
서울신답초등학교,서울특별시
서울원당초등학교,서울특별시
옥산초등학교,경상북도
부산알로이시오초등학교,부산광역시
청리초등학교,경상북도
화순오성초등학교,전라남도
청도중앙초등학교,경상북도
상주동부초등학교,경상북도
기산초등학교,경기도
인천연성초등학교,인천광역시
포항송도초등학교,경상북도
서울송화초등학교,서울특별시
중앙초등학교,충청북도
용연초등학교,경기도
천일초등학교,경기도
양남초등학교,경상북도
합일초등학교,인천광역시
송전초등학교,경기도
부양초등학교,경기도
제천덕산초등학교,충청북도
주덕초등학교,충청북도
일신초등학교,광주광역시
능실초등학교,경기도
동막초등학교,경기도
서울면남초등학교,서울특별시
건천초등학교,경상북도
안산원곡초등학교,경기도
중원초등학교,경기도
천마초등학교,경기도
고성초등학교,전라남도
외궁초등학교,전북특별자치도
화북초등학교용화분교장,경상북도
충주대림초등학교,충청북도
대전수정초등학교,대전광역시
유덕초등학교,광주광역시
인천동부초등학교,인천광역시
황곡초등학교,경기도
압해서초등학교,전라남도
대구성산초등학교,대구광역시
진전초등학교,경상남도
두학초등학교,충청북도
순천조례초등학교,전라남도
문수초등학교,경상북도
서울난향초등학교,서울특별시
학림초등학교,경상북도
효자초등학교,경기도
오동초등학교,전북특별자치도
인천동수초등학교,인천광역시
영순초등학교,경상북도
인천불로초등학교,인천광역시
선행초등학교,경기도
송정동초등학교,광주광역시
모항초등학교,충청남도
효천초등학교,경기도
백봉초등학교,경기도
대도초등학교,경상북도
양동초등학교,경기도
개금초등학교,부산광역시
형곡초등학교,경상북도
서울송정초등학교,서울특별시
둔전제일초등학교,경기도
김천서부초등학교,경상북도
청원초등학교,서울특별시
신리초등학교,경기도
인천천마초등학교,인천광역시
광평초등학교,경상북도
황간초등학교,충청북도
서울거원초등학교,서울특별시
탄벌초등학교,경기도
대전법동초등학교,대전광역시
어룡초등학교,경기도
의정부호동초등학교,경기도
현일초등학교,경기도
대운초등학교,경상남도
세월초등학교,경기도
수입초등학교,경기도
인천인수초등학교,인천광역시
학동초등학교,경기도
수리초등학교,경기도
마산초등학교,전라남도
남성초등학교,부산광역시
인천주원초등학교,인천광역시
광교초등학교,경기도
대구범물초등학교,대구광역시
대강초등학교,전북특별자치도
용주초등학교,경상남도
대구송원초등학교,대구광역시
월산초등학교,전라남도
불국사초등학교,경상북도
정천초등학교,경기도
감전초등학교,부산광역시
연일형산초등학교,경상북도
구평남부초등학교,경상북도
북평초등학교,전라남도
한울초등학교,광주광역시
인천목향초등학교,인천광역시
전주평화초등학교,전북특별자치도
인천용일초등학교,인천광역시
인천상정초등학교,인천광역시
장흥서초등학교,전라남도
소천초등학교두음분교장,경상북도
인천청학초등학교,인천광역시
각리초등학교,충청북도
인천일신초등학교,인천광역시
경인교육대학교부설초등학교,인천광역시
대전매봉초등학교,대전광역시
왕곡초등학교,전라남도
안양신기초등학교,경기도
금오초등학교,경기도
인천소래초등학교,인천광역시
포항제철지곡초등학교,경상북도
나주초등학교,전라남도
초계초등학교덕곡분교장,경상남도
현경초등학교,전라남도
삼근초등학교옥방분교장,경상북도
사천초등학교,충청북도
평천초등학교,경상북도
서울숭미초등학교,서울특별시
동대초등학교,울산광역시
인천고잔초등학교,인천광역시
서울신학초등학교,서울특별시
마전초등학교,경기도
옥천초등학교,강원특별자치도
외남초등학교,경상북도
진접초등학교,경기도
남촌초등학교,경기도
녹동초등학교소록도분교장,전라남도
무을초등학교,경상북도
대구부계초등학교,대구광역시
인천연수초등학교,인천광역시
용호초등학교,경기도
인천남동초등학교,인천광역시
대선초등학교,경기도
한일초등학교,인천광역시
유치초등학교,전라남도
청풍초등학교,전라남도
장성초등학교,경상북도
원삼초등학교,경기도
문충초등학교,경상북도
인천선학초등학교,인천광역시
연안초등학교,경상북도
성산초등학교,전북특별자치도
서울신림초등학교,서울특별시
진평초등학교,경상북도
신의초등학교,전라남도
행주초등학교,경기도
계성초등학교,경기도
덕촌초등학교,경상북도
인천명현초등학교,인천광역시
인천정각초등학교,인천광역시
신방초등학교,경상남도
감곡초등학교,전북특별자치도
산서초등학교,전북특별자치도
삼향북초등학교,전라남도
동이초등학교우산분교장,충청북도
서울문성초등학교,서울특별시
인천만석초등학교,인천광역시
서울옥수초등학교,서울특별시
덕소초등학교,경기도
풍호초등학교,경상남도
서울숭인초등학교,서울특별시
문평초등학교,전라남도
이리북일초등학교,전북특별자치도
상패초등학교,경기도
금성초등학교,부산광역시
인천마장초등학교,인천광역시
마량초등학교,전라남도
쌍령초등학교,경기도
인천굴포초등학교,인천광역시
단촌초등학교,경상북도
청계남초등학교,전라남도
석현초등학교,경기도
남사초등학교,경기도
조도초등학교,전라남도
송면초등학교,충청북도
주성초등학교,충청북도
벌교중앙초등학교,전라남도
한천초등학교,충청북도
인천미산초등학교,인천광역시
무거초등학교,울산광역시
용성초등학교,충청북도
인천인주초등학교,인천광역시
능내초등학교,경기도
낙서초등학교,경상북도
인천상아초등학교,인천광역시
서라벌초등학교,경상북도
인천산곡초등학교,인천광역시
다인초등학교,경상북도
서울청량초등학교,서울특별시
월포초등학교,경상북도
세아초등학교,경기도
조성초등학교,전라남도
감물초등학교,충청북도
대가초등학교,경상북도
내남초등학교,경상북도
다대초등학교,부산광역시
모동초등학교,경상북도
삼척중앙초등학교,강원특별자치도
인천학산초등학교,인천광역시
한라초등학교,제주특별자치도
양강초등학교,충청북도
대구군위초등학교,대구광역시
엄사초등학교,충청남도
상모초등학교,경상북도
김천초등학교,경상북도
돌산초등학교,전라남도
인천함박초등학교,인천광역시
석호초등학교,경기도
반석초등학교,경기도
진도초등학교,전라남도
인천박문초등학교,인천광역시
동백초등학교,울산광역시
인천운서초등학교,인천광역시
미사중앙초등학교,경기도
인천부평서초등학교,인천광역시
화산초등학교,전라남도
점촌초등학교,경상북도
인천청천초등학교,인천광역시
인천동방초등학교,인천광역시
전주중인초등학교,전북특별자치도
인천송월초등학교,인천광역시
거여초등학교,경상북도
영지초등학교,경상북도
서울남천초등학교,서울특별시
산북초등학교,경상북도
전주온빛초등학교,전북특별자치도
서울온곡초등학교,서울특별시
순천대석초등학교,전라남도
북일초등학교,충청북도
화양초등학교,경기도
익산초등학교,전북특별자치도
상인천초등학교,인천광역시
인천주안남초등학교,인천광역시
이충초등학교,경기도
괴목초등학교,전북특별자치도
남양초등학교,경상남도
양수초등학교,경기도
오산원당초등학교,경기도
인천장수초등학교,인천광역시
팔탄초등학교대방분교장,경기도
지도초등학교,전라남도
효동초등학교,경기도
월포초등학교,경기도
인천동명초등학교,인천광역시
용마초등학교,경기도
성복초등학교,경기도
구운초등학교,경기도
화순초등학교이서분교장,전라남도
심천초등학교,충청북도
중모초등학교,경상북도
수성초등학교구성분교장,충청북도
호동초등학교,경기도
벌말초등학교,경기도
송탄초등학교,경기도
의정부부용초등학교,경기도
인천백학초등학교,인천광역시
상원초등학교,경기도
옥곡초등학교,전라남도
강진중앙초등학교,전라남도
용문초등학교,부산광역시
동인초등학교,경기도
예덕초등학교,충청남도
인천문학초등학교,인천광역시
청산초등학교,전라남도
어란진초등학교,전라남도
대전대암초등학교,대전광역시
가흥초등학교,충청북도
봉황초등학교,전라남도
청덕초등학교,경상남도
양평초등학교,경기도
고산하늘초등학교,경기도
죽산초등학교,경기도
상영초등학교,경상북도
서울문정초등학교,서울특별시
대청초등학교,부산광역시
지품초등학교,경상북도
인천학익초등학교,인천광역시
낙성초등학교,전라남도
용담초등학교,충청북도
병점초등학교,경기도
신암초등학교,충청남도
양학초등학교,경상북도
비금초등학교,전라남도
연풍초등학교,충청북도
목행초등학교,충청북도
인천서창초등학교,인천광역시
익산한벌초등학교,전북특별자치도
인천마전초등학교,인천광역시
나산초등학교,경기도
장락초등학교,충청북도
구천초등학교,전북특별자치도
중탑초등학교,경기도
어정초등학교,경기도
용황초등학교,경상북도
대전서원초등학교,대전광역시
독천초등학교,전라남도
인천길주초등학교,인천광역시
추풍령초등학교,충청북도
김천다수초등학교,경상북도
한아람초등학교,경기도
지보초등학교,경상북도
정수초등학교,경상북도
덕과초등학교,전북특별자치도
위례초등학교,경기도
송현초등학교,경기도
묵호초등학교,강원특별자치도
당포초등학교,경상북도
태평초등학교,경기도
인천부광초등학교,인천광역시
유강초등학교,경상북도
서울신영초등학교,서울특별시
부용초등학교,전북특별자치도
청남초등학교,충청북도
황산초등학교,전라남도
과천갈현초등학교,경기도
금성초등학교,경상북도
기린초등학교진동분교장,강원특별자치도
세중초등학교,충청북도
인천동암초등학교,인천광역시
양사초등학교,울산광역시
소화초등학교,경기도
모서초등학교,경상북도
공음초등학교,전북특별자치도
광양용강초등학교,전라남도
서울송천초등학교,서울특별시
군내북초등학교,전라남도
수원금곡초등학교,경기도
내정초등학교,경기도
고달초등학교,전라남도
서울창경초등학교,서울특별시
성남신흥초등학교,경기도
율곡초등학교,경상북도
청계북초등학교,전라남도
도평초등학교,경상북도
백현초등학교,경기도
인천신석초등학교,인천광역시
덕곡초등학교,경상북도
월랑초등학교,충청남도
발안초등학교,경기도
봉산초등학교,경상남도
함열초등학교,전북특별자치도
임자초등학교,전라남도
영주남부초등학교,경상북도
대동초등학교,경상북도
석교초등학교,충청북도
원남초등학교,경상북도
개령서부초등학교,경상북도
포항초등학교,경상북도
포항양덕초등학교,경상북도
풍천초등학교,경기도
전주대성초등학교,전북특별자치도
대이초등학교,경상북도
대지초등학교,경기도
대구남부초등학교,대구광역시
안평초등학교신평분교장,경상북도
신라초등학교,경상북도
대구사수초등학교,대구광역시
평택송화초등학교,경기도
잠원초등학교,경기도
용산초등학교,경상남도
어람초등학교,경기도
도개초등학교,경상북도
대구동변초등학교,대구광역시
동양초등학교,경기도
인천신현북초등학교,인천광역시
옥산초등학교,충청북도
청산초등학교모도분교장,전라남도
대잠초등학교,경상북도
의순초등학교,경기도
인천마곡초등학교,인천광역시
인천금마초등학교,인천광역시
인천은지초등학교,인천광역시
인천경원초등학교,인천광역시
원량초등학교,경상남도
한천초등학교,전라남도
의정부용현초등학교,경기도
이현초등학교,경기도
퇴계원초등학교,경기도
양산초등학교,충청북도
영주서부초등학교,경상북도
원봉초등학교,충청북도
소태초등학교,충청북도
서울하늘초등학교,서울특별시
태인초등학교,전라남도
흥해초등학교,경상북도
경희초등학교,서울특별시
의정부장암초등학교,경기도
인제초등학교,강원특별자치도
인천봉화초등학교,인천광역시
월항초등학교,경상북도
영도초등학교,경기도
개화초등학교,부산광역시
서울사당초등학교,서울특별시
신풍초등학교,경기도
소양초등학교,전북특별자치도
서울신원초등학교,서울특별시
도덕초등학교,전라남도
서울목동초등학교,서울특별시
용담초등학교현양원분교장,충청북도
낙동초등학교,경상북도
서울거여초등학교,서울특별시
미곡초등학교,경기도
죽백초등학교,경기도
지평초등학교,경기도
효정초등학교,경기도
서울잠원초등학교,서울특별시
만종초등학교,강원특별자치도
선동초등학교,경기도
호서남초등학교,경상북도
포천초등학교,부산광역시
광일초등학교,부산광역시
신정초등학교,울산광역시
능길초등학교,경기도
춘산초등학교,경상북도
의신초등학교,전라남도
동강초등학교,전라남도
양지초등학교,울산광역시
청북초등학교,경기도
포항장원초등학교,경상북도
이전초등학교,경상북도
만덕초등학교,전라남도
인천용현남초등학교자월분교장,인천광역시
공세초등학교,경기도
창수초등학교,경상북도
작천초등학교,전라남도
인천부평남초등학교,인천광역시
도리원초등학교,경상북도
영해초등학교,경상북도
인천동막초등학교,인천광역시
적중초등학교,경상남도
남면초등학교,충청남도
이리송학초등학교,전북특별자치도
대반초등학교,광주광역시
현암초등학교,경기도
정남초등학교,경기도
죽장초등학교,경상북도
인천가좌초등학교,인천광역시
군산수송초등학교,전북특별자치도
석수초등학교,경기도
용죽초등학교,경기도
넙도초등학교,전라남도
어연초등학교,경기도
기계초등학교,경상북도
성전초등학교,전라남도
삼포초등학교,강원특별자치도
광양마동초등학교,전라남도
고창부안초등학교,전북특별자치도
염산초등학교낙월분교장,전라남도
인천백운초등학교,인천광역시
문의초등학교도원분교장,충청북도
소사벌초등학교,경기도
넙도초등학교서리분교장,전라남도
다운초등학교,울산광역시
파주초등학교,경기도
도곡중앙초등학교,전라남도
세화초등학교,제주특별자치도
삼호초등학교,울산광역시
영화초등학교,인천광역시
양동초등학교고송분교장,경기도
진월초등학교,전라남도
인천조동초등학교,인천광역시
대해초등학교,경상북도
서현초등학교,충청북도
인천귤현초등학교,인천광역시
명덕초등학교,부산광역시
진안중앙초등학교,전북특별자치도
대구송일초등학교,대구광역시
서창초등학교,전라남도
오천초등학교,전북특별자치도
서울광희초등학교,서울특별시
가수초등학교,경기도
곡강초등학교,경상북도
도제원초등학교,경기도
인천논현초등학교,인천광역시
팔달초등학교,경기도
평택도곡초등학교,경기도
인천부평북초등학교,인천광역시
중현초등학교,부산광역시
간문초등학교,전라남도
배다리초등학교,경기도
손양초등학교,강원특별자치도
서울방일초등학교,서울특별시
인천연화초등학교,인천광역시
안산석수초등학교,경기도
백원초등학교,경상북도
청통초등학교,경상북도
성림초등학교,강원특별자치도
예천남부초등학교,경상북도
죽화초등학교,경기도
용궁초등학교,경상북도
인천신광초등학교,인천광역시
현산초등학교,전라남도
인천신송초등학교,인천광역시
사능초등학교,경기도
생극초등학교,충청북도
반월초등학교,경기도
사창초등학교,전라남도
신선초등학교,부산광역시
인천용현남초등학교,인천광역시
인천동춘초등학교,인천광역시
대구서재초등학교,대구광역시
인천부평초등학교,인천광역시
연현초등학교,경기도
대현초등학교,경기도
송라초등학교,경상북도
인천주안북초등학교,인천광역시
계산초등학교,전라남도
옥전초등학교,경상북도
오태초등학교,경상북도
광양와우초등학교,전라남도
용흥초등학교,경상북도
목포하당초등학교,전라남도
창녕초등학교,경상남도
인성초등학교,인천광역시
화순만연초등학교,전라남도
가락초등학교,부산광역시
인천새말초등학교,인천광역시
나원초등학교,경상북도
공산초등학교,전라남도
마북초등학교,경기도
인천사리울초등학교,인천광역시
광주서초등학교,광주광역시
비전초등학교,경기도
신월초등학교,경기도
덕풍초등학교,경기도
서울금화초등학교,서울특별시
매지초등학교,강원특별자치도
좌산초등학교,부산광역시
오석초등학교,충청북도
낙생초등학교,경기도
장항초등학교,충청남도
영주중앙초등학교,경상북도
용인둔전초등학교,경기도
석사초등학교,강원특별자치도
회남초등학교,충청북도
공주중동초등학교,충청남도
양운초등학교,부산광역시
인천삼산초등학교,인천광역시
대전자양초등학교,대전광역시
덕신초등학교,충청북도
인천문남초등학교,인천광역시
양지초등학교,경기도
대촌중앙초등학교,광주광역시
창남초등학교,경상남도
각남초등학교,경상북도
새말초등학교,경기도
백곡초등학교,충청북도
용원초등학교동락분교장,충청북도
인천명선초등학교,인천광역시
점곡초등학교,경상북도
상수초등학교,경기도
구례북초등학교,전라남도
인천연학초등학교,인천광역시
망미초등학교,부산광역시
인천산곡남초등학교,인천광역시
춘양초등학교,전라남도
의성초등학교,경상북도
인천능허대초등학교,인천광역시
이안초등학교,경상북도
청하초등학교,경상북도
경의초등학교,경기도
유천초등학교,경상북도
호암초등학교,경기도
오남초등학교,경기도
아천초등학교능치분교장,경상북도
신지초등학교,전라남도
인천부개초등학교,인천광역시
동홍초등학교,제주특별자치도
용미초등학교,경기도
모량초등학교,경상북도
미력초등학교,전라남도
남정초등학교,경상북도
옥계초등학교,경상북도
양천초등학교,부산광역시
광양중마초등학교,전라남도
반동초등학교,경상남도
강동초등학교,경상북도
새서귀초등학교,제주특별자치도
은풍초등학교,경상북도
오룡초등학교,전라남도
인천송도초등학교,인천광역시
안정초등학교,경상북도
인천먼우금초등학교,인천광역시
구미초등학교,경상북도
순천성남초등학교,전라남도
적상초등학교,전북특별자치도
신북초등학교,전라남도
원호초등학교,경상북도
인천부현초등학교,인천광역시
신우초등학교,경기도
의정부신곡초등학교,경기도
동해초등학교,경상북도
갈육초등학교,경상남도
인천산곡북초등학교,인천광역시
천가초등학교,부산광역시
대구대명초등학교,대구광역시
금천초등학교,경상북도
서울구암초등학교,서울특별시
백령초등학교,인천광역시
동로초등학교,경상북도
달북초등학교,부산광역시
삼향초등학교,전라남도
안산부곡초등학교,경기도
초전초등학교,경상남도
증평초등학교,충청북도
황상초등학교,경상북도
빛여울초등학교,광주광역시
광성초등학교,경기도
인천연안초등학교,인천광역시
봉의초등학교,강원특별자치도
남애초등학교,강원특별자치도
광지원초등학교,경기도
동인초등학교,충청북도
서울광진초등학교,서울특별시
내기초등학교,경기도
지장초등학교,경기도
대동초등학교,경기도
양동초등학교,경상북도
서울당서초등학교,서울특별시
문경초등학교,경상북도
구미사곡초등학교,경상북도
서종초등학교,경기도
적성초등학교,전북특별자치도
광양중진초등학교,전라남도
야은초등학교,경상북도
상리초등학교,경상남도
대구동인초등학교,대구광역시
보광초등학교,충청북도
인천창영초등학교,인천광역시
인천구산초등학교,인천광역시
태봉초등학교,강원특별자치도
금당초등학교,전라남도
인천부원초등학교,인천광역시
진해중앙초등학교,경상남도
인천공항초등학교신도분교장,인천광역시
화원초등학교,전라남도
금성초등학교,전라남도
교방초등학교,경상남도
대덕초등학교,경상북도
안덕초등학교,경상북도
인천중앙초등학교,인천광역시
서울세곡초등학교,서울특별시
광주문화초등학교,광주광역시
신동초등학교,경기도
도심초등학교,경기도
배영초등학교,경상남도
대포초등학교,강원특별자치도
도농초등학교,경기도
우암초등학교,경상남도
서원초등학교,충청북도
무릉초등학교,제주특별자치도
내성초등학교,부산광역시
운학초등학교,경기도
백암초등학교수정분교장,경기도
덕인초등학교,경기도
가납초등학교,경기도
인천승학초등학교,인천광역시
봉명초등학교,경상남도
영암초등학교,전라남도
장수초등학교,경상북도
현경북초등학교,전라남도
구자곡초등학교,충청남도
부석초등학교,경상북도
인천서화초등학교,인천광역시
좌항초등학교,경기도
문산초등학교,경상남도
감천초등학교,경상북도
홍농초등학교,전라남도
안민초등학교,경상남도
인천작전초등학교,인천광역시
해제초등학교,전라남도
포항해맞이초등학교,경상북도
인천계양초등학교상야분교장,인천광역시
인천해송초등학교,인천광역시
서울소의초등학교,서울특별시
구림초등학교,전라남도
화성벌말초등학교,경기도
강하초등학교,경기도
충렬초등학교,부산광역시
학천초등학교,경상북도
의정부초등학교,경기도
서울도봉초등학교,서울특별시
항구초등학교,경상북도
회룡초등학교,경기도
대구중앙초등학교,대구광역시
강서초등학교,충청북도
이솔초등학교,경기도
용인이동초등학교,경기도
대청초등학교,경기도
서울영풍초등학교,서울특별시
선단초등학교,경기도
서촌초등학교,충청북도
인천신선초등학교,인천광역시
고천초등학교,경기도
광영초등학교,전라남도
서울숭신초등학교,서울특별시
오목초등학교,경기도
쌍책초등학교,경상남도
금양초등학교,부산광역시
낙동동부초등학교,경상북도
서울삼광초등학교,서울특별시
곡란초등학교,경기도
순천왕조초등학교,전라남도
고산별빛초등학교,경기도
명당초등학교,경기도
금장초등학교,경상북도
광양중동초등학교,전라남도
갈곡초등학교,경기도
대구동호초등학교,대구광역시
대구신월초등학교,대구광역시
금구초등학교,충청북도
도곡초등학교,경기도
부윤초등학교,충청북도
도림초등학교,경기도
도원초등학교,경상북도
인천공항초등학교,인천광역시
상률초등학교,경기도
의정부청룡초등학교,경기도
증산초등학교,경상남도
직지초등학교,경상북도
토평초등학교,경기도
인천구월서초등학교,인천광역시
창현초등학교,경기도
안남초등학교,충청북도
포항대흥초등학교,경상북도
낙안초등학교,전라남도
다도초등학교,전라남도
인제남초등학교,강원특별자치도
송정초등학교,경상북도
형일초등학교,경상북도
이리부송초등학교,전북특별자치도
와부초등학교,경기도
상주초등학교,경상북도
지행초등학교,경기도
귀인초등학교,경기도
화양초등학교,경상북도
왕산초등학교,경기도
삼현초등학교,경기도
봉양초등학교,충청북도
지곡초등학교,경상북도
단밀초등학교,경상북도
장평초등학교,경기도
서울장수초등학교,서울특별시
용인초등학교,경기도
천태초등학교,전라남도
중동초등학교,경상북도
월야초등학교,전라남도
비봉초등학교,경기도
논산중앙초등학교,충청남도
신전초등학교,전라남도
남정초등학교,경상남도
노화초등학교,전라남도
번천초등학교,경기도
의정부서초등학교,경기도
창리초등학교,충청북도
구미봉곡초등학교,경상북도
대구대진초등학교,대구광역시
점촌중앙초등학교,경상북도
도장초등학교,경기도
용화초등학교,충청북도
몰운대초등학교,부산광역시
대전샘머리초등학교,대전광역시
신기초등학교,경상북도
인천남부초등학교,인천광역시
신장초등학교,경기도
광려초등학교,경상남도
충주예성초등학교,충청북도
고암초등학교,경기도
서울아주초등학교,서울특별시
사방초등학교,경상북도
전주중앙초등학교,전북특별자치도
수원선일초등학교,경기도
마석초등학교,경기도
회인초등학교,충청북도
서울신서초등학교,서울특별시
영일초등학교,경상북도
구성초등학교,경상북도
인천송현초등학교,인천광역시
개령초등학교,경상북도
진도서초등학교,전라남도
팔탄초등학교,경기도
금빛초등학교,경기도
장당초등학교,경기도
서울동일초등학교,서울특별시
이리삼성초등학교,전북특별자치도
푸른초등학교,경기도
상주남부초등학교,경상북도
원정초등학교,경기도
교동초등학교,경기도
반성초등학교,경상남도
삼보초등학교,충청북도
청봉초등학교,강원특별자치도
인천신흥초등학교,인천광역시
판동초등학교송죽분교장,충청북도
학산초등학교,충청북도
호매실초등학교,경기도
인천작동초등학교,인천광역시
기흥초등학교,경기도
도안초등학교,충청북도
인천서면초등학교,인천광역시
동복초등학교,전라남도
적량초등학교,경상남도
활초초등학교,경기도
서울봉천초등학교,서울특별시
죽림초등학교,충청북도
김천중앙초등학교,경상북도
창평초등학교,전라남도
선남초등학교,경상북도
매현초등학교,경기도
대산초등학교,충청남도
옥룡북초등학교,전라남도
창신초등학교,충청북도
고전초등학교,경상남도
부남초등학교,경상북도
대구시지초등학교,대구광역시
광주광천초등학교,광주광역시
영운초등학교,경상남도
영주초등학교,경상북도
군산서초등학교,전북특별자치도
인천효성동초등학교,인천광역시
상대초등학교,경상북도
이반성초등학교,경상남도
유목초등학교,경상남도
언남초등학교,경기도
관산초등학교,전라남도
남일초등학교,충청북도
지동초등학교,경기도
대강초등학교,충청북도
두호남부초등학교,경상북도
인천가현초등학교,인천광역시
양포초등학교,경상북도
서울신계초등학교,서울특별시
구산초등학교,경상남도
대구고매초등학교,대구광역시
호계초등학교,경상북도
버들개초등학교,경기도
신갈초등학교,경기도
예봉초등학교,경기도
송림초등학교,경상북도
강구초등학교,경상북도
인천대화초등학교,인천광역시
인천송천초등학교,인천광역시
화북초등학교,경상북도
상촌초등학교,충청북도
손불서초등학교,전라남도
인천계산초등학교,인천광역시
부남초등학교,전북특별자치도
대신초등학교,부산광역시
대구서평초등학교,대구광역시
전하초등학교,울산광역시
진량초등학교,경상북도
만천초등학교,강원특별자치도
서울용마초등학교,서울특별시
광양제철남초등학교,전라남도
월성초등학교,전북특별자치도
서울동원초등학교,서울특별시
녹동초등학교시산분교장,전라남도
가곡초등학교대곡분교장,충청북도
상리초등학교,경상북도
칠암초등학교,부산광역시
대구금포초등학교,대구광역시
울산양정초등학교,울산광역시
석계초등학교,경상북도
월성초등학교,경상남도
자천초등학교,경상북도
이화초등학교,충청남도
입실초등학교,경상북도
진원동초등학교,전라남도
황강초등학교,전북특별자치도
남창초등학교,경기도
안락초등학교,부산광역시
서울구일초등학교,서울특별시
반석초등학교,부산광역시
빛고을초등학교,광주광역시
순천도사초등학교,전라남도
시흥능곡초등학교,경기도
증안초등학교,충청북도
옥터초등학교,경기도
비룡초등학교,전북특별자치도
모산초등학교,부산광역시
윤슬초등학교,경기도
내서초등학교,경상남도
청룡초등학교,부산광역시
온빛초등학교,세종특별자치시
추자초등학교신양분교장,제주특별자치도
서울장안초등학교,서울특별시
금대초등학교,강원특별자치도
영가초등학교,경상북도
송운초등학교,경기도
미원초등학교위곡분교장,경기도
서울서이초등학교,서울특별시
장천초등학교,경상남도
대구경동초등학교,대구광역시
사봉초등학교,경상남도
정평초등학교,경기도
서울삼릉초등학교,서울특별시
수남초등학교,전북특별자치도
퇴계초등학교,강원특별자치도
청양초등학교,충청남도
가야곡초등학교,충청남도
대전산성초등학교,대전광역시
가남초등학교,부산광역시
만호초등학교,광주광역시
둔포초등학교,충청남도
운암초등학교,경기도
성남제일초등학교,경기도
생비량초등학교,경상남도
포항영흥초등학교,경상북도
동평초등학교,울산광역시
운산초등학교,경기도
예원초등학교,부산광역시
조종초등학교,경기도
부전초등학교,부산광역시
함덕초등학교,제주특별자치도
북포초등학교,인천광역시
서울학동초등학교,서울특별시
노성초등학교,충청남도
초처초등학교,전북특별자치도
삼룡초등학교,경상남도
서울한서초등학교,서울특별시
반계초등학교,강원특별자치도
음봉초등학교,충청남도
명덕초등학교,경기도
부춘초등학교,충청남도
상촌초등학교,경기도
시량초등학교,충청남도
북이초등학교,충청북도
만정초등학교,경기도
명덕초등학교,강원특별자치도
송천초등학교,경상북도
매탄초등학교,경기도
나눔초등학교,경기도
상품초등학교,경기도
서울고척초등학교,서울특별시
남춘천초등학교,강원특별자치도
목포산정초등학교,전라남도
시화초등학교,경기도
하남초등학교,경기도
조양초등학교,강원특별자치도
광정초등학교,경기도
박달초등학교,경기도
서울청룡초등학교,서울특별시
연수초등학교,충청북도
내촌초등학교,강원특별자치도
광주광명초등학교,경기도
소만초등학교,경기도
합송초등학교,충청남도
대전두리초등학교,대전광역시
황등초등학교,전북특별자치도
현곡초등학교,경상북도
목포연산초등학교,전라남도
서울용원초등학교,서울특별시
원평초등학교,충청북도
산양초등학교,강원특별자치도
대구파호초등학교,대구광역시
당평초등학교,부산광역시
정읍동초등학교,전북특별자치도
서울양진초등학교,서울특별시
서정초등학교,전라남도
운리초등학교,광주광역시
기지초등학교,충청남도
개정초등학교,경기도
연산초등학교,부산광역시
부천서초등학교,경기도
부천동초등학교,경기도
판교초등학교,경기도
묘량중앙초등학교,전라남도
한남초등학교,강원특별자치도
풍암초등학교,광주광역시
교동초등학교,강원특별자치도
경양초등학교,광주광역시
대구장기초등학교,대구광역시
방어진초등학교,울산광역시
서울누원초등학교,서울특별시
안미초등학교,강원특별자치도
외서초등학교,전라남도
풍양초등학교,전라남도
여수좌수영초등학교,전라남도
동광초등학교,강원특별자치도
대산초등학교,경상남도
용인신릉초등학교,경기도
고북초등학교,충청남도
봉림초등학교,경상남도
수완초등학교,광주광역시
어룡초등학교,광주광역시
황둔초등학교,강원특별자치도
신촌초등학교,충청남도
북안초등학교,경상북도
대전변동초등학교,대전광역시
신태인초등학교,전북특별자치도
상산초등학교,경상북도
무주중앙초등학교,전북특별자치도
대구한실초등학교,대구광역시
창원신월초등학교,경상남도
서울구남초등학교,서울특별시
주상초등학교,경상남도
충주남한강초등학교,충청북도
서울상암초등학교,서울특별시
부일초등학교,경기도
당북초등학교,전북특별자치도
충주대소원초등학교,충청북도
서울고현초등학교,서울특별시
정림초등학교,경기도
서울천왕초등학교,서울특별시
송림초등학교,충청남도
해안초등학교,강원특별자치도
순천남초등학교,전라남도
삼산초등학교,울산광역시
안동강남초등학교,경상북도
사직초등학교,충청북도
인흥초등학교,강원특별자치도
서탄초등학교내수분교장,경기도
수곡초등학교,전북특별자치도
이북초등학교,경상남도
남산초등학교,울산광역시
봉덕초등학교,충청북도
노량초등학교,경상남도
경산초등학교,충청북도
진영대창초등학교,경상남도
장수초등학교,전북특별자치도
다송초등학교,전북특별자치도
여량초등학교,강원특별자치도
서광초등학교,제주특별자치도
진성초등학교,경상북도
봉래초등학교,부산광역시
이리계문초등학교,전북특별자치도
서울남성초등학교,서울특별시
목포부영초등학교,전라남도
학사초등학교,부산광역시
광정초등학교,강원특별자치도
덕벌초등학교,충청북도
서울방배초등학교,서울특별시
강동초등학교,울산광역시
서울목운초등학교,서울특별시
안동초등학교,경상북도
대구고산초등학교,대구광역시
성서초등학교,부산광역시
왜관중앙초등학교,경상북도
문장초등학교,경기도
대구동성초등학교,대구광역시
안산청석초등학교,경기도
좌동초등학교,부산광역시
해미초등학교,충청남도
신평초등학교,강원특별자치도
개포초등학교,부산광역시
안흥초등학교신진도분교장,충청남도
대구옥포초등학교,대구광역시
다부초등학교,경상북도
동대구초등학교,대구광역시
상서초등학교,전북특별자치도
척과초등학교,울산광역시
주영초등학교,강원특별자치도
양감초등학교,경기도
운현초등학교,서울특별시
성북초등학교,전북특별자치도
성대초등학교,충청남도
강경중앙초등학교,충청남도
신천초등학교,강원특별자치도
소라초등학교사곡분교장,전라남도
고산초등학교,강원특별자치도
서울우암초등학교,서울특별시
서울신도림초등학교,서울특별시
서울신석초등학교,서울특별시
군산아리울초등학교,전북특별자치도
덕성초등학교,부산광역시
신철원초등학교,강원특별자치도
서후초등학교,경상북도
보체초등학교,경기도
서울면목초등학교,서울특별시
덕천초등학교,부산광역시
서울대현초등학교,서울특별시
김제동초등학교,전북특별자치도
서울자양초등학교,서울특별시
송광초등학교,전라남도
군산남초등학교,전북특별자치도
한림초등학교,경상남도
서울언주초등학교,서울특별시
서울군자초등학교,서울특별시
광명초등학교,경기도
광주초등학교,경기도
두마초등학교,충청남도
내성초등학교,강원특별자치도
울산초등학교,울산광역시
복주초등학교,경상북도
금서초등학교,경상남도
삼일초등학교,경기도
대병초등학교,경상남도
갈원초등학교,충청북도
금호초등학교,경상북도
서울신화초등학교,서울특별시
연천노곡초등학교,경기도
도순초등학교,제주특별자치도
하주초등학교,경상북도
부천일신초등학교,경기도
경안초등학교,경기도
이리모현초등학교,전북특별자치도
평산초등학교,경상남도
석불초등학교,전북특별자치도
대진초등학교,강원특별자치도
서울남산초등학교,서울특별시
구곡초등학교,강원특별자치도
김해내동초등학교,경상남도
양주덕산초등학교,경기도
서울중광초등학교,서울특별시
대전대정초등학교,대전광역시
중앙대학교사범대학부속초등학교,서울특별시
대곡초등학교,강원특별자치도
서울상곡초등학교,서울특별시
구래초등학교,강원특별자치도
화북초등학교,제주특별자치도
성주중앙초등학교,경상북도
낭성초등학교,충청북도
비봉초등학교,전북특별자치도
화정초등학교,경상남도
오산초등학교,전라남도
천안쌍정초등학교,충청남도
해송초등학교,부산광역시
대구복현초등학교,대구광역시
목동초등학교명지분교장,경기도
옥계초등학교,충청남도
비상초등학교,충청북도
서울청구초등학교,서울특별시
봉성초등학교,전북특별자치도
대전목동초등학교,대전광역시
풍천초등학교,제주특별자치도
남양주샛별초등학교,경기도
지족초등학교,경상남도
대전도솔초등학교,대전광역시
광양서초등학교,전라남도
중흥초등학교,경기도
대저초등학교,부산광역시
미사초등학교,경기도
약산초등학교,전라남도
함태초등학교,강원특별자치도
지정초등학교,강원특별자치도
오산원일초등학교,경기도
율현초등학교,경기도
상면초등학교,경기도
서울금양초등학교,서울특별시
삼숭초등학교,경기도
문창초등학교,전북특별자치도
서울묵동초등학교,서울특별시
서삼초등학교,전라남도
반천초등학교,울산광역시
연서초등학교,경기도
천마초등학교,부산광역시
양곡초등학교,경기도
오수초등학교,전북특별자치도
직지초등학교,충청북도
서산예천초등학교,충청남도
용소초등학교,부산광역시
송원초등학교,경기도
배영초등학교,부산광역시
서울화일초등학교,서울특별시
강현초등학교,강원특별자치도
서울노원초등학교,서울특별시
대구대서초등학교,대구광역시
치평초등학교,광주광역시
오산초등학교,경기도
은대초등학교,경기도
대전송림초등학교,대전광역시
일월초등학교청기분교장,경상북도
구미초등학교,경기도
운봉초등학교,전북특별자치도
여도초등학교,전라남도
운양초등학교,경기도
오금초등학교,경기도
삼동초등학교,울산광역시
망운초등학교,전라남도
황전초등학교,전라남도
광주교육대학교목포부설초등학교,전라남도
유석초등학교,서울특별시
서울삼일초등학교,서울특별시
송도초등학교,부산광역시
대구함지초등학교,대구광역시
장원초등학교,강원특별자치도
둔둔초등학교,강원특별자치도
서울석촌초등학교,서울특별시
화동초등학교,강원특별자치도
여수문수초등학교,전라남도
영천중앙초등학교화남분교장,경상북도
아산초등학교,전북특별자치도
서울탑산초등학교,서울특별시
감포초등학교,경상북도
의정부송산초등학교,경기도
춘천교육대학교부설초등학교,강원특별자치도
백합초등학교,울산광역시
동부초등학교,강원특별자치도
대전상지초등학교,대전광역시
서울문교초등학교,서울특별시
서해삼육초등학교,충청남도
사화초등학교,경상남도
월촌초등학교,경상남도
인천양지초등학교,인천광역시
도당초등학교,경기도
청보초등학교,충청남도
대구율금초등학교,대구광역시
전주동북초등학교,전북특별자치도
순천율산초등학교,전라남도
장전초등학교,부산광역시
진월초등학교,광주광역시
서울양천초등학교,서울특별시
전주대정초등학교,전북특별자치도
진안초등학교,경기도
도천초등학교,경상남도
곡성중앙초등학교,전라남도
대구덕성초등학교,대구광역시
지산초등학교,전라남도
도창초등학교,강원특별자치도
성남매송초등학교,경기도
납읍초등학교,제주특별자치도
봄내초등학교,강원특별자치도
효탑초등학교,경기도
세곡초등학교,경기도
녹전초등학교,강원특별자치도
미동초등학교,강원특별자치도
용두초등학교,광주광역시
군포화산초등학교,경기도
석양초등학교,충청남도
남산초등학교서천분교장,강원특별자치도
인천청일초등학교,인천광역시
화랑초등학교,경기도
익산옥야초등학교,전북특별자치도
개산초등학교,경기도
우도초등학교,제주특별자치도
서울동교초등학교,서울특별시
운봉초등학교,부산광역시
대전노은초등학교,대전광역시
삽량초등학교,경상남도
구남초등학교,부산광역시
골약초등학교,전라남도
청파초등학교,충청남도
이리남초등학교,전북특별자치도
서울대은초등학교,서울특별시
서울양남초등학교,서울특별시
대천리초등학교,부산광역시
예미초등학교,강원특별자치도
미남초등학교,부산광역시
광주백운초등학교,광주광역시
물금초등학교,경상남도
소양초등학교,강원특별자치도
귀산초등학교,충청남도
효성초등학교,대구광역시
서울연가초등학교,서울특별시
서울신가초등학교,서울특별시
유곡초등학교,충청남도
규암초등학교,충청남도
빛가온초등학교,경기도
건국초등학교,광주광역시
인덕원초등학교,경기도
서천초등학교,경기도
쌍림초등학교,경상북도
대소초등학교,충청북도
전주중산초등학교,전북특별자치도
우곡초등학교,경상북도
서울청덕초등학교,서울특별시
여수신월초등학교,전라남도
분포초등학교,부산광역시
대구팔공초등학교,대구광역시
장복초등학교,경상남도
고한초등학교,강원특별자치도
오송솔미초등학교,충청북도
군산신흥초등학교,전북특별자치도
인지초등학교,부산광역시
곡수초등학교,경기도
시초초등학교,충청남도
명촌초등학교,울산광역시
금천초등학교,전라남도
북이초등학교,전라남도
서울송원초등학교,서울특별시
성남신기초등학교,경기도
황산초등학교,경상남도
전주만성초등학교,전북특별자치도
전주용흥초등학교,전북특별자치도
동산초등학교,경상남도
영인초등학교,충청남도
수원동신초등학교,경기도
평산초등학교,경상남도
서울효제초등학교,서울특별시
해동초등학교,부산광역시
갈래초등학교,강원특별자치도
대구매호초등학교,대구광역시
청송초등학교,충청남도
대전대양초등학교,대전광역시
영평초등학교,제주특별자치도
귀래초등학교,강원특별자치도
서울신은초등학교,서울특별시
두동초등학교,울산광역시
서울개롱초등학교,서울특별시
군산흥남초등학교,전북특별자치도
안현초등학교,경기도
삼성초등학교,인천광역시
인천성지초등학교,인천광역시
대야남초등학교,전북특별자치도
완월초등학교,경상남도
운동초등학교,충청북도
신현초등학교,경상남도
함라초등학교,전북특별자치도
여수여문초등학교,전라남도
서울풍납초등학교,서울특별시
남원서원초등학교,전북특별자치도
화흥초등학교,전라남도
서울인왕초등학교,서울특별시
불곡초등학교,경기도
내산초등학교,충청남도
창촌초등학교,전라남도
화순초등학교,전라남도
북원초등학교,강원특별자치도
이리남창초등학교,전북특별자치도
마산중앙초등학교,경상남도
서울성원초등학교,서울특별시
서울응봉초등학교,서울특별시
율전초등학교,경기도
용머리초등학교,경기도
군남초등학교,충청북도
무선초등학교,전라남도
효천초등학교,광주광역시
대전수미초등학교,대전광역시
대구성서초등학교,대구광역시
인천해든초등학교,인천광역시
광주중흥초등학교,광주광역시
중리초등학교,부산광역시
녹전초등학교원천분교장,경상북도
대전상대초등학교,대전광역시
대구팔달초등학교,대구광역시
한들물빛초등학교,충청남도
새일초등학교,대전광역시
안산해양초등학교,경기도
도원초등학교,전라남도
부곡초등학교,부산광역시
속초초등학교,강원특별자치도
왕궁남초등학교,전북특별자치도
월전초등학교,충청남도
정촌초등학교,경상남도
전주송원초등학교,전북특별자치도
서울매헌초등학교,서울특별시
진해신항초등학교,경상남도
은척초등학교무릉분교장,경상북도
서울오류남초등학교,서울특별시
이인초등학교,충청남도
독정초등학교,경기도
영일초등학교,경기도
사동초등학교,경기도
제주대학교교육대학부설초등학교,제주특별자치도
묘산초등학교,경상남도
서울문현초등학교,서울특별시
좌야초등학교,전라남도
백양초등학교,울산광역시
북후초등학교,경상북도
서울풍성초등학교,서울특별시
반포초등학교,충청남도
신광초등학교,경상북도
빛가람초등학교,전라남도
창호초등학교,경상남도
광주동운초등학교,광주광역시
대구교육대학교대구부설초등학교,대구광역시
호산초등학교,강원특별자치도
삼가초등학교,경상남도
울산남부초등학교,울산광역시
덕산초등학교,경상남도
매산초등학교,경기도
서귀북초등학교,제주특별자치도
영오초등학교영현분교장,경상남도
오천초등학교,경상북도
매산초등학교,강원특별자치도
대구새론초등학교,대구광역시
동북초등학교,전북특별자치도
연무중앙초등학교,충청남도
월곡초등학교,경상북도
서귀서초등학교,제주특별자치도
숲속초등학교,경기도
정평초등학교,경상북도
수원초등학교,경기도
서울신월초등학교,서울특별시
서울정수초등학교,서울특별시
군산금빛초등학교,전북특별자치도
면천초등학교,충청남도
장항중앙초등학교,충청남도
봉동초등학교,전북특별자치도
대방초등학교,경상남도
시흥매화초등학교,경기도
서울용암초등학교,서울특별시
서울언북초등학교,서울특별시
정원초등학교,부산광역시
산남초등학교,경기도
서울구현초등학교,서울특별시
성남초등학교,경기도
서울대길초등학교,서울특별시
서울인헌초등학교,서울특별시
의당초등학교,충청남도
봉산초등학교,충청남도
서울공항초등학교,서울특별시
대전태평초등학교,대전광역시
와석초등학교,부산광역시
기안초등학교,경기도
현화초등학교,경기도
석보초등학교,경상북도
웅천초등학교,충청남도
함현초등학교,경기도
대정서초등학교,제주특별자치도
창선초등학교,경상남도
대구도원초등학교,대구광역시
대구범어초등학교,대구광역시
한솔초등학교,경기도
목포동초등학교,전라남도
신원초등학교,경상남도
사파초등학교,경상남도
임하초등학교,경상북도
정읍초등학교,전북특별자치도
대구청림초등학교,대구광역시
제천중앙초등학교,충청북도
격포초등학교,전북특별자치도
궁남초등학교,충청남도
서울송중초등학교,서울특별시
논산동성초등학교,충청남도
만경초등학교,전북특별자치도
죽림초등학교,전라남도
무정초등학교,전라남도
한홀초등학교,경기도
대구삼육초등학교,대구광역시
방곡초등학교,부산광역시
쌍치초등학교,전북특별자치도
상곡초등학교,충청남도
나곡초등학교,경기도
산외초등학교,충청북도
이도초등학교,제주특별자치도
부적초등학교,충청남도
대구신흥초등학교,대구광역시
서울장위초등학교,서울특별시
화남초등학교,경기도
영천동부초등학교,경상북도
신영초등학교,강원특별자치도
군서초등학교,충청북도
광림초등학교,광주광역시
대신초등학교,경기도
대구지산초등학교,대구광역시
근화초등학교,강원특별자치도
서하초등학교,경상남도
팔금초등학교,전라남도
남원초등학교,제주특별자치도
대남초등학교,부산광역시
광판초등학교,강원특별자치도
회현초등학교,전북특별자치도
서울등현초등학교,서울특별시
서울불암초등학교,서울특별시
목포항도초등학교,전라남도
부천북초등학교,경기도
석교초등학교,전라남도
대전판암초등학교,대전광역시
봉강초등학교,경상남도
익산궁동초등학교,전북특별자치도
분원초등학교,경기도
대현초등학교,울산광역시
공주교육대학교부설초등학교,충청남도
갈천초등학교,경기도
금산중앙초등학교,충청남도
안양동초등학교,경기도
가산초등학교,경상북도
개신초등학교,충청북도
대지초등학교,경상남도
대구효신초등학교,대구광역시
대전대문초등학교,대전광역시
송정초등학교,광주광역시
광주교육대학교광주부설초등학교,광주광역시
삼봉초등학교,충청남도
송호초등학교,경기도
소망초등학교,충청남도
남수원초등학교,경기도
서울초당초등학교,서울특별시
여남초등학교,전라남도
대구상인초등학교,대구광역시
장평초등학교,충청남도
천북초등학교,경상북도
성산초등학교,경상북도
금지동초등학교,전북특별자치도
대전도마초등학교,대전광역시
무안초등학교,전라남도
화진초등학교,경기도
인천당산초등학교,인천광역시
흥도초등학교,대전광역시
선흘초등학교,제주특별자치도
대전원평초등학교,대전광역시
부안동초등학교,전북특별자치도
서울성서초등학교,서울특별시
월랑초등학교,제주특별자치도
새만금초등학교,전북특별자치도
김해율산초등학교,경상남도
샘마루초등학교,강원특별자치도
서울강신초등학교,서울특별시
대마초등학교,전라남도
한산초등학교,경상남도
수진초등학교,경기도
진봉초등학교,전북특별자치도
서울신미림초등학교,서울특별시
불로초등학교,광주광역시
북면초등학교승산분교장,경상남도
동신초등학교,부산광역시
문우초등학교,광주광역시
설천초등학교,경상남도
온양온천초등학교,충청남도
장학초등학교,강원특별자치도
송정초등학교,경기도
옥현초등학교,울산광역시
엄궁초등학교,부산광역시
강상초등학교,경기도
대구내당초등학교,대구광역시
대구선원초등학교,대구광역시
서울명덕초등학교,서울특별시
봉담초등학교,경기도
정금초등학교,강원특별자치도
마천초등학교,경상남도
금성초등학교,대전광역시
광주제석초등학교,광주광역시
천의초등학교,충청남도
속리초등학교,충청북도
죽산초등학교,전북특별자치도
신례초등학교,제주특별자치도
으뜸초등학교,세종특별자치시
도래울초등학교,경기도
익산가온초등학교,전북특별자치도
남산초등학교,경상북도
대전송강초등학교,대전광역시
전주효림초등학교,전북특별자치도
중앙초등학교,강원특별자치도
서울잠신초등학교,서울특별시
산이초등학교,전라남도
인천석암초등학교,인천광역시
초촌초등학교,충청남도
서울창천초등학교,서울특별시
신평초등학교,전북특별자치도
안일초등학교,경기도
웅양초등학교,경상남도
길안초등학교,경상북도
광주푸른초등학교,경기도
장암초등학교,충청남도
계성초등학교,대구광역시
양촌초등학교,충청남도
남성초등학교,경상북도
산양초등학교,경상남도
부안초등학교,강원특별자치도
관설초등학교,강원특별자치도
진영대흥초등학교,경상남도
서울장곡초등학교,서울특별시
서울문백초등학교,서울특별시
하당초등학교,충청북도
상하초등학교,전북특별자치도
동면초등학교,경상남도
용마초등학교,경상남도
기성초등학교,대전광역시
법환초등학교,제주특별자치도
순천삼산초등학교,전라남도
금구초등학교,전북특별자치도
모산초등학교,충청남도
내산초등학교,부산광역시
서수초등학교,전북특별자치도
수영초등학교,경기도
명서초등학교,부산광역시
원종초등학교,경기도
학운초등학교,경기도
가득초등학교,세종특별자치시
동광초등학교,제주특별자치도
정암초등학교,광주광역시
서울중흥초등학교,서울특별시
덕정초등학교,경기도
도남초등학교,제주특별자치도
삼례초등학교,전북특별자치도
배양초등학교,충청남도
양성초등학교,경기도
서울장월초등학교,서울특별시
오학초등학교,경기도
단관초등학교,강원특별자치도
덕천초등학교,전북특별자치도
전주초등학교,전북특별자치도
성남초등학교,부산광역시
하남초등학교,강원특별자치도
서울상지초등학교,서울특별시
포두초등학교,전라남도
평동초등학교,광주광역시
군서초등학교,경기도
소사초등학교,경기도
무룡초등학교,울산광역시
현곡초등학교,부산광역시
금광초등학교,경기도
주약초등학교,경상남도
토성초등학교,부산광역시
서울중원초등학교,서울특별시
덕산초등학교,충청남도
서울송파초등학교,서울특별시
상록초등학교,경기도
화봉초등학교,울산광역시
대구덕인초등학교,대구광역시
배방초등학교,충청남도
군산나운초등학교,전북특별자치도
매안초등학교,전라남도
창북초등학교,전북특별자치도
장승초등학교,전북특별자치도
광산초등학교,강원특별자치도
경산압량초등학교,경상북도
아라초등학교,경상남도
광선초등학교,경기도
대전구봉초등학교,대전광역시
모전초등학교,부산광역시
성산초등학교,제주특별자치도
동학초등학교,경기도
남이초등학교,충청남도
대덕초등학교,경기도
동양초등학교,전북특별자치도
공근초등학교,강원특별자치도
경복초등학교,서울특별시
인천계양초등학교,인천광역시
하일초등학교,경상남도
안산서초등학교,경기도
서울도성초등학교,서울특별시
인천서흥초등학교,인천광역시
술산초등학교,전북특별자치도
영동초등학교,강원특별자치도
북평초등학교,강원특별자치도
탄금초등학교,충청북도
대구율하초등학교,대구광역시
옥동초등학교,울산광역시
서울안산초등학교,서울특별시
목포부주초등학교,전라남도
보성초등학교,전북특별자치도
와동초등학교,대전광역시
태봉초등학교,전북특별자치도
서화초등학교,강원특별자치도
서울우이초등학교,서울특별시
외서초등학교,경상북도
서울창원초등학교,서울특별시
법성포초등학교,전라남도
다목초등학교,강원특별자치도
성전초등학교,부산광역시
한양초등학교,서울특별시
광양가야초등학교,전라남도
대구지봉초등학교,대구광역시
인계초등학교,전북특별자치도
미룡초등학교,전북특별자치도
송정초등학교,강원특별자치도
매원초등학교,서울특별시
정읍남초등학교,전북특별자치도
서울압구정초등학교,서울특별시
서울고산초등학교,서울특별시
도촌초등학교,경기도
봉서초등학교,전북특별자치도
대전복수초등학교,대전광역시
백운초등학교,경기도
상북초등학교,경상남도
해밀초등학교,경기도
서울수명초등학교,서울특별시
금반초등학교,경상남도
서울장충초등학교,서울특별시
서울동호초등학교,서울특별시
교동초등학교,인천광역시
서울경동초등학교,서울특별시
대덕초등학교,충청남도
대구안일초등학교,대구광역시
원주삼육초등학교,강원특별자치도
안성초등학교,전북특별자치도
인천연송초등학교,인천광역시
감곡초등학교,충청북도
여수봉산초등학교,전라남도
장흥남초등학교,전라남도
석천초등학교,경기도
전주서곡초등학교,전북특별자치도
서울영본초등학교,서울특별시
가파초등학교,제주특별자치도
탕정미래초등학교,충청남도
대가초등학교,충청북도
서울서교초등학교,서울특별시
복산초등학교,울산광역시
서울미양초등학교,서울특별시
안서초등학교,경기도
주중초등학교,충청북도
삼각초등학교,광주광역시
청하초등학교,전북특별자치도
강천초등학교,경기도
인천경명초등학교,인천광역시
연동초등학교,세종특별자치시
화촌초등학교,강원특별자치도
광주학운초등학교,광주광역시
임실기림초등학교,전북특별자치도
여수동초등학교,전라남도
대구봉덕초등학교,대구광역시
사매초등학교,전북특별자치도
성산초등학교,강원특별자치도
탄천초등학교,충청남도
서산동문초등학교,충청남도
대구문성초등학교,대구광역시
가락초등학교,세종특별자치시
호암초등학교,부산광역시
상관초등학교,전북특별자치도
금마초등학교,전북특별자치도
명신초등학교,인천광역시
선운초등학교,광주광역시
대덕초등학교도룡분교장,대전광역시
서울백석초등학교,서울특별시
동천초등학교,부산광역시
비산초등학교,경상북도
영양중앙초등학교,경상북도
서울삼양초등학교,서울특별시
대전오류초등학교,대전광역시
도계초등학교,강원특별자치도
이천남초등학교,경기도
조양초등학교,강원특별자치도
와촌초등학교,경상북도
포항송곡초등학교,경상북도
성안초등학교,경기도
다빛초등학교,세종특별자치시
성곡초등학교,경기도
석송초등학교,충청남도
옥구초등학교,전북특별자치도
대전글꽃초등학교,대전광역시
목포연동초등학교,전라남도
서울녹천초등학교,서울특별시
신남초등학교,강원특별자치도
문산초등학교,광주광역시
전주인봉초등학교,전북특별자치도
산대초등학교,경상북도
용동초등학교,전북특별자치도
차동초등학교,충청남도
풍각초등학교,경상북도
오정초등학교,경기도
서울신자초등학교,서울특별시
율곡초등학교,광주광역시
천안봉명초등학교,충청남도
남부초등학교,강원특별자치도
전포초등학교,부산광역시
아림초등학교,경상남도
전곡초등학교,경기도
금모래초등학교,경기도
서울월정초등학교,서울특별시
시목초등학교,충청남도
보성초등학교,전라남도
김해대곡초등학교,경상남도
경포대초등학교,강원특별자치도
부귀초등학교,전북특별자치도
왜관초등학교,경상북도
청소초등학교,충청남도
전주만수초등학교,전북특별자치도
평촌초등학교,충청남도
웅상초등학교,경상남도
광주우산초등학교,광주광역시
계성초등학교,서울특별시
본량초등학교,광주광역시
하남초등학교,부산광역시
군산문화초등학교,전북특별자치도
이원초등학교관동분교장,충청남도
전주삼천초등학교,전북특별자치도
예래초등학교,제주특별자치도
부곡초등학교,경상남도
모동초등학교,부산광역시
방포초등학교,충청남도
서울안평초등학교,서울특별시
한밭초등학교,대전광역시
부평초등학교,경기도
전주반월초등학교,전북특별자치도
아산북수초등학교,충청남도
서울계남초등학교,서울특별시
한산초등학교,충청남도
상탑초등학교,경기도
서도초등학교,인천광역시
삼우초등학교,전북특별자치도
목포남초등학교,전라남도
생림초등학교,경상남도
서울시흥초등학교,서울특별시
해림초등학교,부산광역시
광주양동초등학교,광주광역시
유천초등학교,강원특별자치도
신남초등학교,경기도
대구평리초등학교,대구광역시
양북초등학교,경상북도
해리초등학교,전북특별자치도
광주효동초등학교,광주광역시
전주한들초등학교,전북특별자치도
시흥월곶초등학교,경기도
금암초등학교,충청남도
대구영선초등학교,대구광역시
미원초등학교장락분교장,경기도
모곡초등학교,강원특별자치도
울진남부초등학교,경상북도
용당초등학교,충청남도
전주동초등학교,전북특별자치도
전주신동초등학교,전북특별자치도
대구동일초등학교,대구광역시
서울목원초등학교,서울특별시
순천풍덕초등학교,전라남도
영광중앙초등학교,전라남도
북면초등학교,전북특별자치도
녹산초등학교,부산광역시
우암초등학교,부산광역시
황산초등학교,전북특별자치도
고현초등학교,경상남도
금곡초등학교,부산광역시
토평초등학교,제주특별자치도
한정초등학교,충청남도
예산초등학교,충청남도
두루초등학교,세종특별자치시
부천역곡초등학교,경기도
가림초등학교,경기도
내포초등학교,충청남도
미산초등학교,광주광역시
돌산초등학교두라분교장,전라남도
생금초등학교,경기도
대저중앙초등학교,부산광역시
서울강일초등학교,서울특별시
진영금병초등학교,경상남도
서울반원초등학교,서울특별시
논산반월초등학교,충청남도
음암초등학교,충청남도
기성초등학교,경상남도
오덕초등학교,강원특별자치도
광주용봉초등학교,광주광역시
서울대림초등학교,서울특별시
평산초등학교,경상북도
중산초등학교,울산광역시
벌원초등학교,경기도
목포애향초등학교,전라남도
서울신대림초등학교,서울특별시
서울행현초등학교,서울특별시
거제중앙초등학교,경상남도
석전초등학교,경상남도
영화초등학교,경상북도
와수초등학교,강원특별자치도
광양초등학교,제주특별자치도
서울대청초등학교,서울특별시
초림초등학교,경기도
대구숙천초등학교,대구광역시
고창초등학교,경기도
하중초등학교,경기도
용연초등학교,경상남도
송산초등학교,전라남도
전주서신초등학교,전북특별자치도
여고초등학교,부산광역시
신천초등학교,경상남도
삼산초등학교,경상남도
김해봉황초등학교,경상남도
계북초등학교,전북특별자치도
계성초등학교,충청남도
수성초등학교,부산광역시
지촌초등학교,강원특별자치도
산본초등학교,경기도
제주북초등학교,제주특별자치도
서울북성초등학교,서울특별시
남천초등학교,경상북도
벽량초등학교,전북특별자치도
원평초등학교,전북특별자치도
서울은빛초등학교,서울특별시
대합초등학교,경상남도
감정초등학교,경기도
대관초등학교,충청남도
감천초등학교,경상남도
청원초등학교,충청북도
아산용연초등학교,충청남도
순천왕지초등학교,전라남도
선부초등학교,경기도
철마초등학교,부산광역시
삼서초등학교,전라남도
위도초등학교,전북특별자치도
천안신용초등학교,충청남도
개정초등학교,전북특별자치도
전주서천초등학교,전북특별자치도
광덕초등학교,경기도
수촌초등학교,충청남도
지정초등학교,경상남도
흥업초등학교,강원특별자치도
화계초등학교,강원특별자치도
미조초등학교,경상남도
광주송원초등학교,광주광역시
전주오송초등학교,전북특별자치도
도담초등학교,세종특별자치시
북정초등학교,경상남도
금창초등학교,부산광역시
충암초등학교,서울특별시
벌교초등학교,전라남도
삼성초등학교,제주특별자치도
전주교육대학교군산부설초등학교,전북특별자치도
화정초등학교,울산광역시
방산초등학교,강원특별자치도
온혜초등학교,경상북도
인천창신초등학교,인천광역시
서울지향초등학교,서울특별시
한림초등학교,제주특별자치도
관기초등학교,전라남도
삼척남초등학교,강원특별자치도
돌마초등학교,경기도
상북초등학교,울산광역시
인천송빛초등학교,인천광역시
전동초등학교,세종특별자치시
설악초등학교,강원특별자치도
대구북비산초등학교,대구광역시
대전백운초등학교,대전광역시
창원상남초등학교,경상남도
안양호암초등학교,경기도
제암초등학교,경기도
신덕초등학교,부산광역시
서울상신초등학교,서울특별시
추곡초등학교,강원특별자치도
순천이수초등학교,전라남도
고수초등학교,전북특별자치도
서울대왕초등학교,서울특별시
흥왕초등학교,전북특별자치도
서동초등학교,충청남도
창녕성산초등학교,경상남도
서울영원초등학교,서울특별시
장계초등학교,전북특별자치도
성남화랑초등학교,경기도
서울중마초등학교,서울특별시
선산초등학교,경상북도
김해가야초등학교,경상남도
삼죽초등학교,경기도
서울대방초등학교,서울특별시
한벌초등학교,충청북도
대구북동초등학교,대구광역시
용하초등학교,강원특별자치도
봉대초등학교,강원특별자치도
교동초등학교,강원특별자치도
사천초등학교,강원특별자치도
효성초등학교,경기도
서울개운초등학교,서울특별시
상당초등학교,충청북도
원통초등학교,강원특별자치도
송포초등학교,강원특별자치도
충주금릉초등학교,충청북도
서울염동초등학교,서울특별시
과정초등학교,부산광역시
야음초등학교,울산광역시
중동초등학교,경기도
부천남초등학교,경기도
풍천풍서초등학교,경상북도
흥전초등학교,강원특별자치도
안민초등학교,부산광역시
대관령초등학교,강원특별자치도
상주초등학교,경상남도
신정초등학교,부산광역시
진말초등학교,경기도
서울도곡초등학교,서울특별시
수신초등학교,충청남도
부리초등학교,충청남도
서울개원초등학교,서울특별시
학성초등학교,강원특별자치도
서울문창초등학교,서울특별시
이서초등학교,경상북도
금란초등학교,경기도
부천중앙초등학교,경기도
산현초등학교,강원특별자치도
홍동초등학교,충청남도
동북초등학교,서울특별시
부강초등학교,세종특별자치시
서울월곡초등학교,서울특별시
천안희망초등학교,충청남도
김포호수초등학교,경기도
대천초등학교,부산광역시
전주문학초등학교,전북특별자치도
서울구로초등학교,서울특별시
대전보운초등학교,대전광역시
영산초등학교,경상남도
내동초등학교,경상남도
새별초등학교,광주광역시
서울후암초등학교,서울특별시
원주초등학교,강원특별자치도
봉암초등학교,대전광역시
전주풍남초등학교,전북특별자치도
광주매곡초등학교,경기도
상동초등학교,경기도
북내초등학교,경기도
산서초등학교,대전광역시
이천매곡초등학교,경기도
서울잠동초등학교,서울특별시
서울북한산초등학교,서울특별시
상암초등학교묘도분교장,전라남도
옥산초등학교,울산광역시
운송초등학교,부산광역시
예림초등학교,경상남도
대구월성초등학교,대구광역시
근남초등학교,강원특별자치도
구름산초등학교,경기도
종촌초등학교,세종특별자치시
성내초등학교,전북특별자치도
정지초등학교,경기도
화정초등학교,전라남도
봉학초등학교,부산광역시
신성초등학교,경상북도
서울강월초등학교,서울특별시
범일초등학교,부산광역시
서울대신초등학교,서울특별시
김제중앙초등학교,전북특별자치도
천곡초등학교,강원특별자치도
서울덕수초등학교,서울특별시
재송초등학교,부산광역시
광주풍향초등학교,광주광역시
서울등명초등학교,서울특별시
성수초등학교,경기도
감곡초등학교,충청남도
서울안암초등학교,서울특별시
추자초등학교,제주특별자치도
서울신상도초등학교,서울특별시
원일초등학교,경기도
서울인수초등학교,서울특별시
영천초등학교,광주광역시
남하초등학교,경상남도
대야초등학교,경상남도
대전갈마초등학교,대전광역시
대흥초등학교,충청남도
복정초등학교,경기도
금릉초등학교,경상북도
군남초등학교,전라남도
월성초등학교,경상북도
연무초등학교,충청남도
경산동부초등학교,경상북도
부림초등학교,경상남도
갈매초등학교,경기도
여수양지초등학교,전라남도
상서초등학교,충청남도
전주북초등학교,전북특별자치도
강동초등학교,부산광역시
오부초등학교,경상남도
약목초등학교,경상북도
지천초등학교,경상북도
서울영신초등학교,서울특별시
안좌초등학교,전라남도
부천부안초등학교,경기도
목포용호초등학교,전라남도
동평초등학교,부산광역시
전주우림초등학교,전북특별자치도
인천운남초등학교,인천광역시
서울사근초등학교,서울특별시
안산호원초등학교,경기도
대흘초등학교,제주특별자치도
동화초등학교,충청북도
포천노곡초등학교,경기도
서울서강초등학교,서울특별시
신왕초등학교,강원특별자치도
조도초등학교거차분교장,전라남도
대기초등학교,충청남도
대양초등학교,경기도
서울길음초등학교,서울특별시
여천초등학교,전라남도
서울오봉초등학교,서울특별시
서울중대초등학교,서울특별시
하귀일초등학교,제주특별자치도
단계초등학교,경상남도
전주금평초등학교,전북특별자치도
부천중원초등학교,경기도
광남초등학교,부산광역시
천진초등학교,강원특별자치도
전주우전초등학교,전북특별자치도
부천송일초등학교,경기도
서울경수초등학교,서울특별시
가곡초등학교,충청북도
인천송담초등학교,인천광역시
점암초등학교,전라남도
서울송전초등학교,서울특별시
소원초등학교,충청남도
응봉초등학교,부산광역시
전의초등학교,세종특별자치시
대전내동초등학교,대전광역시
대성초등학교,경기도
서울위례별초등학교,서울특별시
번암초등학교동화분교장,전북특별자치도
율빛초등학교,경기도
안동동부초등학교,경상북도
인천청라초등학교,인천광역시
대의초등학교,경상남도
대전중촌초등학교,대전광역시
전주송천초등학교,전북특별자치도
화도초등학교,인천광역시
이리북초등학교,전북특별자치도
가례초등학교,경상남도
대구학산초등학교,대구광역시
제주동초등학교,제주특별자치도
목포중앙초등학교,전라남도
광주화정초등학교,광주광역시
광주지산초등학교,광주광역시
서울개일초등학교,서울특별시
서울덕암초등학교,서울특별시
안동용상초등학교,경상북도
남관초등학교,전북특별자치도
가남초등학교,경기도
남원주초등학교,강원특별자치도
봉암초등학교,경기도
수지초등학교,전북특별자치도
화양초등학교,충청남도
군북초등학교,경상남도
강화초등학교,인천광역시
이동초등학교,경상남도
김해신안초등학교,경상남도
인천이음초등학교,인천광역시
서울성수초등학교,서울특별시
서울숭덕초등학교,서울특별시
종달초등학교,제주특별자치도
대흥초등학교,경상남도
신흥초등학교,경기도
대구세천초등학교,대구광역시
인천서곶초등학교,인천광역시
금성초등학교,경기도
동두천신천초등학교,경기도
인천부일초등학교,인천광역시
보람초등학교,세종특별자치시
봉암초등학교,전북특별자치도
덕치초등학교,전북특별자치도
면온초등학교,강원특별자치도
삼양초등학교,제주특별자치도
우덕초등학교,전북특별자치도
연라초등학교,경기도
양진초등학교,경기도
팔봉초등학교,충청남도
원봉초등학교,충청남도
조림초등학교,충청남도
북촌초등학교,제주특별자치도
서울마장초등학교,서울특별시
당수초등학교,경기도
장천초등학교,경기도
새빛초등학교,경기도
흥덕초등학교,경기도
명학초등학교,경기도
과역초등학교,전라남도
상동초등학교,경상남도
서울계상초등학교,서울특별시
개림초등학교,부산광역시
하점초등학교,인천광역시
목포영산초등학교,전라남도
대사초등학교,부산광역시
효제초등학교,강원특별자치도
대전대신초등학교,대전광역시
주생초등학교,전북특별자치도
반송초등학교,부산광역시
신리초등학교,강원특별자치도
구만초등학교,충청남도
남평초등학교,강원특별자치도
월봉초등학교,울산광역시
신광초등학교,서울특별시
부북초등학교,경상남도
사내초등학교,강원특별자치도
상리초등학교,부산광역시
외동초등학교,경상남도
전주효자초등학교,전북특별자치도
목포임성초등학교,전라남도
밀주초등학교,경상남도
대흥초등학교,전북특별자치도
대전석교초등학교,대전광역시
거산초등학교,충청남도
대아초등학교,전북특별자치도
진잠초등학교,대전광역시
화암초등학교,울산광역시
대구동덕초등학교,대구광역시
부림초등학교,경기도
온양중앙초등학교,충청남도
덕신초등학교,울산광역시
동신초등학교,경기도
천안신촌초등학교,충청남도
서울홍연초등학교,서울특별시
안동서부초등학교,경상북도
상천초등학교,강원특별자치도
진영중앙초등학교,경상남도
대구달성초등학교,대구광역시
천전초등학교,강원특별자치도
석곡초등학교,전라남도
천서초등학교,전북특별자치도
관당초등학교,충청남도
교학초등학교,강원특별자치도
조치원신봉초등학교,세종특별자치시
오안초등학교,강원특별자치도
해성초등학교,전북특별자치도
전주인후초등학교,전북특별자치도
왕궁초등학교,전북특별자치도
오호초등학교,강원특별자치도
경일초등학교,경기도
보절초등학교,전북특별자치도
팔룡초등학교,경상남도
고창초등학교,전북특별자치도
남선초등학교,대전광역시
김포서초등학교,경기도
서울홍릉초등학교,서울특별시
호원초등학교,경기도
서울연신초등학교,서울특별시
청파초등학교외연도분교장,충청남도
매산초등학교,전북특별자치도
대구본리초등학교,대구광역시
송학초등학교,충청남도
서울태릉초등학교,서울특별시
두실초등학교,부산광역시
율하초등학교,경상남도
대구비봉초등학교,대구광역시
신명초등학교,부산광역시
주암초등학교,전라남도
고제초등학교,경상남도
서울삼각산초등학교,서울특별시
사동초등학교,경상북도
수덕초등학교,충청남도
단재초등학교,충청북도
도고초등학교,충청남도
서울강명초등학교,서울특별시
배곧라온초등학교,경기도
한백초등학교,경기도
대구율원초등학교,대구광역시
백석초등학교,전북특별자치도
둔대초등학교,경기도
죽왕초등학교,강원특별자치도
하이초등학교,경상남도
합덕초등학교,충청남도
낭산초등학교,전북특별자치도
대전도안초등학교,대전광역시
금곡초등학교,경상남도
창원초등학교,경상남도
서울무학초등학교,서울특별시
상인초등학교,경기도
백수서초등학교,전라남도
대동초등학교,경상남도
서울삼전초등학교,서울특별시
조치원명동초등학교,세종특별자치시
장안초등학교,부산광역시
금산동초등학교,충청남도
공주금학초등학교,충청남도
소안초등학교,경기도
시전초등학교,전라남도
서울쌍문초등학교,서울특별시
순천향림초등학교,전라남도
대전유천초등학교,대전광역시
낙동초등학교,부산광역시
주석초등학교,경상남도
왕남초등학교,경기도
태강삼육초등학교,서울특별시
서울한산초등학교,서울특별시
장성성산초등학교,전라남도
명지초등학교,서울특별시
광령초등학교,제주특별자치도
창기초등학교,충청남도
신풍초등학교,충청남도
서울금북초등학교,서울특별시
광주동산초등학교,광주광역시
진교초등학교,경상남도
인천신정초등학교,인천광역시
염주초등학교,광주광역시
도마초등학교,경상남도
안진초등학교,부산광역시
당동초등학교,경기도
금락초등학교,경상북도
공주신월초등학교,충청남도
비봉초등학교,충청북도
전주전라초등학교,전북특별자치도
소하초등학교,경기도
단양초등학교,충청북도
영천초등학교,경상남도
덕정초등학교,경상남도
덕수초등학교,제주특별자치도
횡천초등학교,경상남도
조천초등학교,제주특별자치도
신기초등학교,전라남도
광천초등학교,충청남도
칠서초등학교,경상남도
호저초등학교,강원특별자치도
석우초등학교,경기도
서울내발산초등학교,서울특별시
대구방촌초등학교,대구광역시
영광초등학교,전라남도
서울발산초등학교,서울특별시
신백현초등학교,경기도
서울동답초등학교,서울특별시
인천안산초등학교,인천광역시
동산초등학교,경기도
청동초등학교,충청남도
아산월천초등학교,충청남도
아산남성초등학교,충청남도
남원중앙초등학교,전북특별자치도
전주서문초등학교,전북특별자치도
송정초등학교,경상남도
유성초등학교,대전광역시
이작초등학교,경상남도
촉석초등학교,경상남도
구서초등학교,부산광역시
민백초등학교,경기도
소호초등학교,전라남도
신안초등학교,경기도
서창초등학교,경상남도
현흥초등학교,경상북도
여수구봉초등학교,전라남도
매여울초등학교,경기도
안천초등학교,전북특별자치도
영천중앙초등학교,경상북도
한내초등학교,충청남도
원당초등학교,강원특별자치도
오량초등학교,경상남도
신동초등학교,경상북도
안계초등학교,경상남도
경기초등학교,서울특별시
금지초등학교,전북특별자치도
수안초등학교,부산광역시
신풍초등학교,전라남도
묵계초등학교,경상남도
동부초등학교,경기도
서대구초등학교,대구광역시
백운초등학교,전북특별자치도
대구와룡초등학교,대구광역시
서울충무초등학교,서울특별시
가마초등학교,제주특별자치도
신천초등학교,부산광역시
이매초등학교,경기도
전주용와초등학교,전북특별자치도
솔샘초등학교,강원특별자치도
월산초등학교,경상남도
개곡초등학교,경기도
연세초등학교,세종특별자치시
고창남초등학교,전북특별자치도
해운대초등학교,부산광역시
마장초등학교,경기도
대전성천초등학교,대전광역시
궁내초등학교,경기도
대남초등학교,경기도
단포초등학교,경상북도
고남초등학교,충청남도
연일초등학교,부산광역시
삼덕초등학교,부산광역시
보길초등학교,전라남도
비인초등학교,충청남도
화개초등학교,광주광역시
대구성명초등학교,대구광역시
치문초등학교,전북특별자치도
안산광덕초등학교,경기도
옹정초등학교,경기도
서울양강초등학교,서울특별시
대구구지초등학교,대구광역시
심원초등학교,전북특별자치도
서울북가좌초등학교,서울특별시
문지초등학교,대전광역시
인천완정초등학교,인천광역시
서울상경초등학교,서울특별시
서울연천초등학교,서울특별시
가남초등학교,충청남도
무장초등학교,전북특별자치도
광주장원초등학교,광주광역시
봉정초등학교,충청북도
인천당하초등학교,인천광역시
병영초등학교,울산광역시
고촌초등학교,경기도
대구호산초등학교,대구광역시
안동송현초등학교,경상북도
마동초등학교,충청남도
평촌초등학교,경기도
남원노암초등학교,전북특별자치도
학진초등학교,부산광역시
서울온수초등학교,서울특별시
매원초등학교,경상북도
군포대야초등학교,경기도
화제초등학교,경상남도
보성초등학교,제주특별자치도
삼계초등학교,전북특별자치도
청남초등학교,충청남도
전주미산초등학교,전북특별자치도
대전신평초등학교,대전광역시
난산초등학교,전북특별자치도
천천초등학교,전북특별자치도
수남초등학교,경기도
광운초등학교,서울특별시
빛누리초등학교,전라남도
서울백운초등학교,서울특별시
대구세현초등학교,대구광역시
서울서초초등학교,서울특별시
온정초등학교,강원특별자치도
청솔초등학교,경기도
동계초등학교,전북특별자치도
송정초등학교,부산광역시
동호초등학교,전북특별자치도
길안초등학교길송분교장,경상북도
서울동신초등학교,서울특별시
현동초등학교,경상남도
대전선화초등학교,대전광역시
군산중앙초등학교,전북특별자치도
여수북초등학교,전라남도
예일초등학교,서울특별시
부발초등학교,경기도
서울동명초등학교,서울특별시
화산초등학교,전북특별자치도
내성초등학교,경상북도
서울노일초등학교,서울특별시
대구대봉초등학교,대구광역시
해양초등학교,경상남도
이리신흥초등학교,전북특별자치도
삼생초등학교,강원특별자치도
서울홍파초등학교,서울특별시
센텀초등학교,부산광역시
광문초등학교,경기도
세종도원초등학교,세종특별자치시
여수미평초등학교,전라남도
쌍룡초등학교,충청남도
하탑초등학교,경기도
귀덕초등학교,제주특별자치도
용천초등학교,경기도
태봉초등학교,충청남도
서울양전초등학교,서울특별시
남창초등학교,충청남도
삼평초등학교,울산광역시
지곡초등학교,경상남도
명장초등학교,부산광역시
안양부안초등학교,경기도
아라초등학교,제주특별자치도
덕상초등학교,부산광역시
광주남초등학교,광주광역시
도촌초등학교,강원특별자치도
서울선린초등학교,서울특별시
철성초등학교,경상남도
선일초등학교,경기도
영오초등학교,경상남도
평창초등학교,강원특별자치도
남정초등학교,경상남도
목면초등학교,충청남도
구이초등학교,전북특별자치도
관호초등학교,경상북도
부천양지초등학교,경기도
정읍서초등학교,전북특별자치도
서울영일초등학교,서울특별시
서울갈현초등학교,서울특별시
전주기린초등학교,전북특별자치도
서울원신초등학교,서울특별시
아름초등학교,세종특별자치시
명륜초등학교,부산광역시
청천초등학교,경상북도
청평초등학교,경기도
명정초등학교,울산광역시
걸포초등학교,경기도
대전둔천초등학교,대전광역시
서울영서초등학교,서울특별시
문정초등학교,광주광역시
신안초등학교,경상남도
어론초등학교,강원특별자치도
서울조원초등학교,서울특별시
천안용곡초등학교,충청남도
소야초등학교,강원특별자치도
서울전동초등학교,서울특별시
전주장동초등학교,전북특별자치도
임당초등학교,강원특별자치도
서울오정초등학교,서울특별시
송곡초등학교,경기도
금동초등학교,경상남도
노동초등학교,전라남도
광주서림초등학교,광주광역시
이리영등초등학교,전북특별자치도
삼성현초등학교,경상북도
정곡초등학교,경상남도
대전죽동초등학교,대전광역시
운양초등학교,강원특별자치도
천안부성초등학교,충청남도
상장초등학교,강원특별자치도
통진초등학교,경기도
명지초등학교,충청남도
삼성초등학교,강원특별자치도
방기초등학교,울산광역시
은진초등학교,충청남도
안산초등학교,경기도
대전장대초등학교,대전광역시
북내초등학교도전분교장,경기도
쌍계초등학교,경상남도
광양북초등학교,전라남도
연평초등학교,인천광역시
회원초등학교,경상남도
삼가초등학교,경기도
옥봉초등학교,전북특별자치도
서울은명초등학교,서울특별시
고리울초등학교,경기도
군산용문초등학교,전북특별자치도
서울상일초등학교,서울특별시
기성초등학교길헌분교장,대전광역시
대구운암초등학교,대구광역시
엄정초등학교,충청북도
대구동평초등학교,대구광역시
왕배초등학교,경기도
마재초등학교,광주광역시
정읍북초등학교,전북특별자치도
공현진초등학교,강원특별자치도
월계초등학교,울산광역시
풍산초등학교,강원특별자치도
무봉초등학교,경기도
웃터골초등학교,경기도
풍남초등학교,전라남도
신도초등학교,충청남도
안말초등학교,경기도
대중초등학교,경상남도
고강초등학교,경기도
서울신명초등학교,서울특별시
진도서초등학교가사도분교장,전라남도
한내초등학교,경기도
남일초등학교,충청남도
서울신암초등학교,서울특별시
진남초등학교,경상남도
학장초등학교,부산광역시
한울초등학교,충청남도
기린초등학교,강원특별자치도
동해초등학교,경상남도
서울재동초등학교,서울특별시
상일초등학교,경기도
홍천초등학교,강원특별자치도
역동초등학교,경기도
하양초등학교,경상북도
민안초등학교,부산광역시
대전대룡초등학교,대전광역시
농소초등학교,경상북도
성당초등학교,충청남도
청라초등학교,충청남도
목포서해초등학교,전라남도
송산초등학교,충청남도
대구성북초등학교,대구광역시
상리초등학교,경기도
운천초등학교,광주광역시
이호초등학교,경기도
안심초등학교,전라남도
서울상도초등학교,서울특별시
대구포산초등학교,대구광역시
용봉초등학교,충청남도
대청초등학교,경상남도
대전유평초등학교,대전광역시
호계초등학교,울산광역시
회천초등학교,전라남도
연암초등학교,울산광역시
진보초등학교,경상북도
계당초등학교,경상북도
성진초등학교,광주광역시
이리백제초등학교,전북특별자치도
성지초등학교,부산광역시
정배초등학교,경기도
대전용산초등학교,대전광역시
솔터초등학교,경기도
계수초등학교,경기도
광안초등학교,부산광역시
남산초등학교궁류분교장,경상남도
금강초등학교,부산광역시
능동초등학교,경상남도
왕북초등학교,전북특별자치도
신창초등학교,충청남도
남지초등학교,경상남도
연학초등학교,부산광역시
서울우면초등학교,서울특별시
이포초등학교하호분교장,경기도
부평초등학교,강원특별자치도
사동초등학교,부산광역시
오목초등학교,충청남도
여울초등학교,세종특별자치시
월곡초등학교삼계분교장,경상북도
해룡초등학교,전라남도
늘봄초등학교,경기도
구송초등학교,강원특별자치도
신대초등학교,전라남도
임실초등학교,전북특별자치도
정우초등학교,전북특별자치도
부석초등학교간월도분교장,충청남도
대천초등학교,충청남도
김해동광초등학교,경상남도
서울서일초등학교,서울특별시
대전갑천초등학교,대전광역시
둔내초등학교,강원특별자치도
어등초등학교,광주광역시
용대초등학교,강원특별자치도
신림초등학교,강원특별자치도
계수초등학교,광주광역시
서산서남초등학교,충청남도
방일초등학교,경기도
가남초등학교,경상남도
대구비산초등학교,대구광역시
천안삼거리초등학교,충청남도
백사초등학교,경기도
남양초등학교,전북특별자치도
수정초등학교,경상남도
대교초등학교,부산광역시
행정초등학교,충청남도
대성초등학교,경상남도
월내초등학교,부산광역시
서울대조초등학교,서울특별시
홍남초등학교,충청남도
팔덕초등학교,전북특별자치도
안양부흥초등학교,경기도
광석초등학교,충청남도
당림초등학교,강원특별자치도
산청초등학교,경상남도
금과초등학교,전북특별자치도
용지초등학교,전북특별자치도
서울문래초등학교,서울특별시
서울남명초등학교,서울특별시
상주중앙초등학교,경상북도
왕산초등학교,강원특별자치도
서암초등학교,경기도
의곡초등학교,경상북도
포남초등학교,강원특별자치도
서울신구로초등학교,서울특별시
대전새여울초등학교,대전광역시
금명초등학교,부산광역시
광덕초등학교,충청남도
성북초등학교,부산광역시
오산남초등학교,전북특별자치도
새뜸초등학교,세종특별자치시
서울성일초등학교,서울특별시
안흥초등학교,강원특별자치도
금산초등학교,강원특별자치도
한별초등학교,경기도
시흥가온초등학교,경기도
용봉초등학교,전북특별자치도
안양양지초등학교,경기도
전대초등학교,충청남도
상학초등학교,부산광역시
상록초등학교,충청남도
대전문화초등학교,대전광역시
천안부대초등학교,충청남도
서울휘경초등학교,서울특별시
남상초등학교,경상남도
와동초등학교,경기도
영원초등학교,전북특별자치도
목포대연초등학교,전라남도
산내초등학교,경기도
서울중동초등학교,서울특별시
중일초등학교,경기도
흥양초등학교,강원특별자치도
김포대명초등학교,경기도
소담초등학교,세종특별자치시
신도초등학교,경기도
하도초등학교,제주특별자치도
오천초등학교,충청남도
대구송현초등학교,대구광역시
대구동곡초등학교,대구광역시
호계초등학교,충청남도
천안와촌초등학교,충청남도
서울선사초등학교,서울특별시
풍영초등학교,광주광역시
산흥초등학교,대전광역시
수내초등학교,경기도
고대초등학교,충청남도
김제검산초등학교,전북특별자치도
금성초등학교,충청남도
서원초등학교,강원특별자치도
전주덕일초등학교,전북특별자치도
운유초등학교,경기도
광주상무초등학교,광주광역시
하성초등학교,경기도
군북초등학교,충청남도
문선초등학교,경상남도
신어초등학교,경상남도
대전동산초등학교,대전광역시
함창초등학교,경상북도
서울염창초등학교,서울특별시
신평초등학교,부산광역시
대구다사초등학교,대구광역시
죽리초등학교,강원특별자치도
동명동부초등학교,경상북도
풍세초등학교,충청남도
목포석현초등학교,전라남도
선주초등학교,경상북도
판교대장초등학교,경기도
백성초등학교,경기도
창호초등학교,강원특별자치도
서울신봉초등학교,서울특별시
논산내동초등학교,충청남도
신금초등학교,부산광역시
천안성성초등학교,충청남도
대전동도초등학교,대전광역시
산내남명초등학교,경상남도
의왕부곡초등학교,경기도
봉평초등학교,강원특별자치도
대전동화초등학교,대전광역시
서울용답초등학교,서울특별시
부천여월초등학교,경기도
옥정호수초등학교,경기도
흥진초등학교,경기도
부당초등학교,전북특별자치도
경산초등학교,경상북도
흥덕초등학교,전북특별자치도
산들초등학교,경기도
능평초등학교,경기도
상당초등학교,부산광역시
대전느리울초등학교,대전광역시
전주문정초등학교,전북특별자치도
석문초등학교,충청남도
서울치현초등학교,서울특별시
연산초등학교,충청남도
미산초등학교,충청남도
칠천초등학교,경상남도
을숙도초등학교,부산광역시
사계초등학교,제주특별자치도
대전목양초등학교,대전광역시
웅천초등학교,경상남도
서울망원초등학교,서울특별시
대전봉산초등학교,대전광역시
영훈초등학교,서울특별시
청주대성초등학교,충청북도
동안초등학교,경기도
서울휘봉초등학교,서울특별시
인천원당초등학교,인천광역시
무풍초등학교,전북특별자치도
삼어초등학교,부산광역시
단계초등학교,강원특별자치도
인천용학초등학교,인천광역시
김해활천초등학교,경상남도
화성청계초등학교,경기도
분당초등학교,경기도
물메초등학교,제주특별자치도
서광초등학교,광주광역시
영동초등학교,충청북도
수영초등학교,부산광역시
연하초등학교,경기도
동상초등학교,전북특별자치도
안산창촌초등학교,경기도
조천초등학교교래분교장,제주특별자치도
노산초등학교,경상남도
동부초등학교율포분교장,경상남도
서울구산초등학교,서울특별시
대전어은초등학교,대전광역시
중부초등학교,경상남도
광주월산초등학교,광주광역시
명지초등학교,부산광역시
용안초등학교,전북특별자치도
인천영종초등학교금산분교장,인천광역시
장산초등학교,광주광역시
마송중앙초등학교,경기도
하랑초등학교,경기도
대전원신흥초등학교,대전광역시
남양주월산초등학교,경기도
옥동초등학교,충청북도
백양초등학교,부산광역시
팔곡초등학교,경기도
백산초등학교,전북특별자치도
영산초등학교,전북특별자치도
월곡초등학교,광주광역시
주감초등학교,부산광역시
옥천초등학교,전북특별자치도
서울대명초등학교,서울특별시
인천간석초등학교,인천광역시
대전새미래초등학교,대전광역시
청일초등학교,강원특별자치도
백학초등학교,경기도
성원초등학교,강원특별자치도
광명광덕초등학교,경기도
서울고명초등학교,서울특별시
능서초등학교,경기도
매곡초등학교,울산광역시
양화초등학교,충청남도
설성초등학교,경기도
송정초등학교,부산광역시
마곡초등학교,충청남도
금당초등학교,경기도
서울동자초등학교,서울특별시
반곡초등학교,충청남도
군산미장초등학교,전북특별자치도
서정초등학교,충청남도
서울마포초등학교,서울특별시
용인성산초등학교,경기도
대구태현초등학교,대구광역시
신대초등학교,충청남도
당진초등학교,충청남도
거류초등학교,경상남도
산동초등학교,전북특별자치도
산내초등학교,전북특별자치도
대구신매초등학교,대구광역시
화정초등학교,경상남도
서울신정초등학교,서울특별시
문상초등학교,충청북도
안일초등학교백야분교장,전라남도
목포백련초등학교,전라남도
신진초등학교,부산광역시
전주금암초등학교,전북특별자치도
은월초등학교,울산광역시
평곡초등학교,충청북도
부광초등학교,경기도
금오초등학교,경상북도
호법초등학교,경기도
농소초등학교,울산광역시
여수송현초등학교,전라남도
온천초등학교,부산광역시
명천초등학교,충청남도
상미초등학교,경기도
청목초등학교,경기도
광명초등학교,충청남도
대구남덕초등학교,대구광역시
월학초등학교,강원특별자치도
수문초등학교,광주광역시
서울역촌초등학교,서울특별시
서울언남초등학교,서울특별시
포천삼정초등학교,경기도
도덕초등학교,경기도
순천용당초등학교,전라남도
노형초등학교,제주특별자치도
서울창서초등학교,서울특별시
백전초등학교,강원특별자치도
한솔초등학교,강원특별자치도
대구효령초등학교,대구광역시
서울성내초등학교,서울특별시
관기초등학교,충청북도
태화초등학교,울산광역시
상명초등학교,서울특별시
동신초등학교,전북특별자치도
무안행복초등학교,전라남도
대구인지초등학교,대구광역시
청룡초등학교,충청남도
서대전초등학교,대전광역시
화천초등학교,강원특별자치도
가곡초등학교보발분교장,충청북도
정일초등학교,전북특별자치도
이성초등학교,전북특별자치도
천안용소초등학교,충청남도
인천첨단초등학교,인천광역시
조산초등학교,인천광역시
삼문초등학교,경상남도
대전대동초등학교,대전광역시
이천송정초등학교,경기도
태인초등학교,전북특별자치도
금샘초등학교,부산광역시
신봉초등학교,경기도
서울연은초등학교,서울특별시
오정초등학교,광주광역시
서울수리초등학교,서울특별시
여산초등학교,전북특별자치도
구영초등학교,울산광역시
서울흥인초등학교,서울특별시
시흥신일초등학교,경기도
옥빛초등학교,경기도
수미초등학교,부산광역시
김포구래초등학교,경기도
대구공산초등학교,대구광역시
초월초등학교,경기도
동춘천초등학교,강원특별자치도
태장초등학교,강원특별자치도
동포초등학교,경상남도
다문초등학교,경상북도
부천덕산초등학교,경기도
서울둔촌초등학교,서울특별시
문현초등학교,부산광역시
남산초등학교,경상북도
일곡초등학교,광주광역시
여주초등학교,경기도
초당초등학교,강원특별자치도
감성초등학교,세종특별자치시
전주원동초등학교,전북특별자치도
단천초등학교,충청북도
금가초등학교,충청북도
상남초등학교,경상남도
푸른솔초등학교,경기도
부성초등학교,충청남도
다산별빛초등학교,경기도
신천초등학교,울산광역시
후평초등학교,강원특별자치도
서울중랑초등학교,서울특별시
안일초등학교,전라남도
좌천초등학교,부산광역시
전주효문초등학교,전북특별자치도
동양초등학교,부산광역시
공덕초등학교,전북특별자치도
신광초등학교,제주특별자치도
대구성지초등학교,대구광역시
율면초등학교,경기도
소초초등학교,강원특별자치도
무학초등학교,광주광역시
동림초등학교,광주광역시
봉남초등학교,전북특별자치도
서울신목초등학교,서울특별시
성남중앙초등학교,경기도
사우초등학교,경기도
서산대진초등학교,충청남도
광활초등학교,전북특별자치도
대전버드내초등학교,대전광역시
순천연향초등학교,전라남도
은석초등학교,충청남도
서현초등학교,경기도
백암초등학교,전북특별자치도
전주신성초등학교,전북특별자치도
부천신흥초등학교,경기도
서울세검정초등학교,서울특별시
서울강빛초등학교,서울특별시
광주동초등학교충효분교장,광주광역시
춘당초등학교,강원특별자치도
옥성초등학교,울산광역시
남항초등학교,부산광역시
봉개초등학교,제주특별자치도
향동초등학교,경기도
첨단초등학교,광주광역시
무학초등학교,경상남도
월곶초등학교,경기도
이포초등학교,경기도
경산중앙초등학교,경상북도
풍산초등학교,전북특별자치도
서귀중앙초등학교,제주특별자치도
천안신안초등학교,충청남도
전주서원초등학교,전북특별자치도
토현초등학교,부산광역시
오션초등학교,부산광역시
부론초등학교,강원특별자치도
금상초등학교,경기도
순창초등학교,전북특별자치도
연제초등학교,광주광역시
고덕초등학교,충청남도
천전초등학교,경상남도
곽금초등학교,제주특별자치도
문흥중앙초등학교,광주광역시
세종초등학교,서울특별시
능교초등학교,전북특별자치도
천안청당초등학교,충청남도
전주덕진초등학교,전북특별자치도
서울매봉초등학교,서울특별시
홍주초등학교,충청남도
조봉초등학교,광주광역시
서울토성초등학교,서울특별시
서울성북초등학교,서울특별시
부천부흥초등학교,경기도
영춘초등학교별방분교장,충청북도
성동초등학교,서울특별시
채운초등학교,충청남도
서울영문초등학교,서울특별시
초읍초등학교,부산광역시
평택이화초등학교,경기도
삼랑진초등학교,경상남도
마송초등학교,경기도
서울당현초등학교,서울특별시
광주서산초등학교,광주광역시
대전용운초등학교,대전광역시
목포서부초등학교,전라남도
명륜초등학교,강원특별자치도
가천초등학교,경상북도
능북초등학교,경기도
대전목상초등학교,대전광역시
상원초등학교,경기도
온양동신초등학교,충청남도
대전가장초등학교,대전광역시
부암초등학교,부산광역시
서울영남초등학교,서울특별시
중남초등학교,울산광역시
신하초등학교,경기도
신원초등학교,경기도
용주초등학교,광주광역시
대전반석초등학교,대전광역시
슬기초등학교,경기도
상진초등학교,충청북도
동탄초등학교,경기도
수비초등학교,경상북도
금정초등학교,부산광역시
일월초등학교,경상북도
회덕초등학교,대전광역시
대전월평초등학교,대전광역시
송촌초등학교,경기도
쌍봉초등학교,전라남도
위미초등학교,제주특별자치도
대덕초등학교,전북특별자치도
서울번동초등학교,서울특별시
양신초등학교,충청남도
새움초등학교,세종특별자치시
인천효성남초등학교,인천광역시
대광초등학교,서울특별시
정읍수성초등학교,전북특별자치도
염포초등학교,울산광역시
아산초등학교,충청남도
대구월촌초등학교,대구광역시
까치울초등학교,경기도
전주남초등학교,전북특별자치도
비봉초등학교,강원특별자치도
서울매동초등학교,서울특별시
양사초등학교,인천광역시
동원초등학교,부산광역시
수백초등학교,강원특별자치도
여수중앙초등학교,전라남도
명주초등학교,강원특별자치도
제주남초등학교,제주특별자치도
성주초등학교,충청남도
천안쌍용초등학교,충청남도
노암초등학교,강원특별자치도
금당초등학교,광주광역시
점동초등학교,경기도
송내초등학교,경기도
산월초등학교,광주광역시
하남초등학교,광주광역시
신광초등학교,전라남도
신현초등학교,경기도
서울당곡초등학교,서울특별시
대구상원초등학교,대구광역시
인천해원초등학교,인천광역시
신제주초등학교,제주특별자치도
두룡초등학교,경상남도
순천인안초등학교,전라남도
인천원동초등학교,인천광역시
화랑초등학교,서울특별시
남포초등학교,충청남도
서울방산초등학교,서울특별시
삼화초등학교,강원특별자치도
만수초등학교,충청북도
도성초등학교,강원특별자치도
영전초등학교,전북특별자치도
서울등서초등학교,서울특별시
복대초등학교,충청북도
용남초등학교,전북특별자치도
명동초등학교,부산광역시
인화초등학교,제주특별자치도
태봉초등학교,광주광역시
서울등양초등학교,서울특별시
참샘초등학교,세종특별자치시
이리마한초등학교,전북특별자치도
대왕초등학교,충청남도
칠서초등학교이룡분교장,경상남도
부림초등학교봉수분교장,경상남도
문백초등학교,충청북도
이천사동초등학교,경기도
조치원대동초등학교,세종특별자치시
주산초등학교,전북특별자치도
광덕초등학교,강원특별자치도
아영초등학교,전북특별자치도
서울구의초등학교,서울특별시
신창초등학교,광주광역시
지한초등학교,광주광역시
김녕초등학교동복분교장,제주특별자치도
하일초등학교,경기도
대전둔산초등학교,대전광역시
부안남초등학교,전북특별자치도
인천경연초등학교,인천광역시
양서초등학교,경상북도
남해초등학교,경상남도
부림초등학교,경상북도
거진초등학교,강원특별자치도
진주초등학교,경상남도
남호초등학교,강원특별자치도
함양초등학교,경상남도
구미문성초등학교,경상북도
대덕초등학교,대전광역시
주진초등학교,강원특별자치도
인천송명초등학교,인천광역시
주산초등학교,충청남도
서울고원초등학교,서울특별시
고삼초등학교,경기도
대구서도초등학교,대구광역시
대동초등학교,경상북도
도현초등학교,경기도
천안차암초등학교,충청남도
내동초등학교,경기도
도산초등학교,경상남도
대창초등학교,충청남도
화양초등학교,전라남도
가고파초등학교,경상남도
구좌중앙초등학교,제주특별자치도
삼화초등학교,제주특별자치도
성산초등학교,경상남도
삼성초등학교,경상남도
광주중앙초등학교,광주광역시
거문초등학교,강원특별자치도
엄다초등학교,전라남도
대구입석초등학교,대구광역시
청덕초등학교,경기도
하북초등학교,경상남도
서울녹번초등학교,서울특별시
안남초등학교,부산광역시
대구용천초등학교,대구광역시
송정초등학교,울산광역시
대구욱수초등학교,대구광역시
교리초등학교,부산광역시
서울삼성초등학교,서울특별시
내리초등학교,부산광역시
태백초등학교,강원특별자치도
제원초등학교,충청남도
대전석봉초등학교,대전광역시
청운초등학교,전북특별자치도
서울한강초등학교,서울특별시
글벗초등학교,세종특별자치시
서울등원초등학교,서울특별시
대구대남초등학교,대구광역시
성남장안초등학교,경기도
대구매동초등학교,대구광역시
전주양지초등학교,전북특별자치도
서울행당초등학교,서울특별시
화개초등학교,경상남도
가내초등학교,경기도
김해신명초등학교,경상남도
내대초등학교,강원특별자치도
원동초등학교,경상남도
대구신성초등학교,대구광역시
아인초등학교,경기도
인천현송초등학교,인천광역시
청계초등학교,경기도
서농초등학교,경기도
산북초등학교,경기도
포항중앙초등학교,경상북도
대구서부초등학교,대구광역시
달안초등학교,경기도
삼성초등학교,경상남도
보목초등학교,제주특별자치도
도평초등학교,경기도
은하초등학교,충청남도
성당초등학교,전북특별자치도
현도초등학교,충청북도
서울광장초등학교,서울특별시
영양초등학교,경상북도
상천초등학교,경기도
교동초등학교,경상남도
서부초등학교,울산광역시
흥산초등학교,제주특별자치도
송동초등학교,전북특별자치도
평거초등학교,경상남도
숭의초등학교,서울특별시
경포초등학교,강원특별자치도
천남초등학교,경기도
영천초등학교,경기도
옥계초등학교금진분교장,강원특별자치도
동상초등학교,부산광역시
장전초등학교,제주특별자치도
사량초등학교,경상남도
숭덕초등학교,경상남도
유현초등학교,경기도
외산초등학교,충청남도
인천서림초등학교,인천광역시
고양오금초등학교,경기도
외삼초등학교,대전광역시
창원한들초등학교,경상남도
무실초등학교,강원특별자치도
목포상동초등학교,전라남도
도고온천초등학교,충청남도
대전전민초등학교,대전광역시
서울수락초등학교,서울특별시
창림초등학교,강원특별자치도
서울신사초등학교,서울특별시
가촌초등학교,경상남도
춘양초등학교,경상북도
대평초등학교,세종특별자치시
부천수주초등학교,경기도
서울창신초등학교,서울특별시
부내초등학교,충청남도
군남초등학교,경기도
수동초등학교송천분교장,경기도
장동초등학교,대전광역시
청주내덕초등학교,충청북도
치동초등학교,경기도
덕성초등학교,경기도
별망초등학교,경기도
금성초등학교,충청남도
생초초등학교,경상남도
거제용소초등학교,경상남도
하귀초등학교,제주특별자치도
울주명지초등학교,울산광역시
동부초등학교,경상남도
서울아현초등학교,서울특별시
추부초등학교,충청남도
산동초등학교,경상북도
대전탄방초등학교,대전광역시
어곡초등학교,경상남도
이리초등학교,전북특별자치도
전주여울초등학교,전북특별자치도
목포북교초등학교,전라남도
전주용덕초등학교,전북특별자치도
효광초등학교,광주광역시
거제고현초등학교,경상남도
월봉초등학교,광주광역시
천안부영초등학교,충청남도
흥천초등학교,경기도
장곡초등학교,충청남도
배곧초등학교,경기도
함덕초등학교선인분교장,제주특별자치도
서연초등학교,경기도
한여울초등학교,경기도
보은삼산초등학교,충청북도
서울우솔초등학교,서울특별시
대전삼성초등학교,대전광역시
학성초등학교,충청북도
염티초등학교,충청남도
벌곡초등학교,충청남도
대구두산초등학교,대구광역시
칠원초등학교,경상남도
남원교룡초등학교,전북특별자치도
청령포초등학교,강원특별자치도
여흥초등학교,경기도
경덕초등학교,충청북도
신흥초등학교,충청남도
대자초등학교,광주광역시
한신초등학교,서울특별시
천안용암초등학교,충청남도
버들초등학교,강원특별자치도
산현초등학교,경기도
범박초등학교,경기도
율곡초등학교,강원특별자치도
배곧한울초등학교,경기도
연화초등학교,충청남도
의령초등학교,경상남도
서울명일초등학교,서울특별시
온양권곡초등학교,충청남도
부천부곡초등학교,경기도
삼리초등학교,경기도
서울양목초등학교,서울특별시
웅촌초등학교,울산광역시
순천남산초등학교,전라남도
강림초등학교,강원특별자치도
천안새샘초등학교,충청남도
서울석관초등학교,서울특별시
청성초등학교,경기도
대전중리초등학교,대전광역시
고운초등학교,세종특별자치시
산운초등학교,경기도
천안남산초등학교,충청남도
동탄중앙초등학교,경기도
용인대일초등학교,경기도
배영초등학교,경기도
두서초등학교,울산광역시
대전현암초등학교,대전광역시
구평초등학교,경상북도
옥곡초등학교,경상북도
천안서당초등학교,충청남도
솔안초등학교,경기도
임계초등학교,강원특별자치도
서면초등학교,강원특별자치도
다산하늘초등학교,경기도
인천가정초등학교,인천광역시
사하초등학교,부산광역시
서울노량진초등학교,서울특별시
탑동초등학교,충청남도
효포초등학교,충청남도
성북초등학교,강원특별자치도
영만초등학교,전북특별자치도
송남초등학교,충청남도
단대초등학교,경기도
진가초등학교,경기도
부원초등학교,경기도
평대초등학교,제주특별자치도
김포신풍초등학교,경기도
금파초등학교,경기도
온양신정초등학교,충청남도
동산초등학교,전북특별자치도
상신초등학교,경기도
가람초등학교,경상남도
서울등마초등학교,서울특별시
반곡초등학교,강원특별자치도
미탄초등학교,강원특별자치도
홍성초등학교,충청남도
혜성초등학교,충청남도
차산초등학교,경기도
이담초등학교,경기도
대구대성초등학교,대구광역시
대정초등학교,충청남도
대전만년초등학교,대전광역시
배곧누리초등학교,경기도
대전대흥초등학교,대전광역시
동명초등학교,전라남도
석성초등학교,충청북도
광주양산초등학교,광주광역시
백운초등학교,충청북도
의랑초등학교,세종특별자치시
천성초등학교,경상남도
성연초등학교,충청남도
구림초등학교,전북특별자치도
북창초등학교,충청남도
아산갈산초등학교,충청남도
논산부창초등학교,충청남도
구미인덕초등학교,경상북도
남산초등학교,강원특별자치도
한아름초등학교,전라남도
우산초등학교,경상남도
송당초등학교,제주특별자치도
미원초등학교,충청북도
창촌초등학교,강원특별자치도
성남초등학교,강원특별자치도
선장초등학교,충청남도
임동초등학교,경상북도
횡성초등학교,강원특별자치도
함백초등학교,강원특별자치도
순천중앙초등학교,전라남도
대구조암초등학교,대구광역시
동암초등학교,충청남도
자인초등학교,경상북도
동산초등학교,전라남도
경산서부초등학교,경상북도
광주학강초등학교,광주광역시
양지초등학교,세종특별자치시
이방초등학교,경상남도
양산초등학교,경상남도
유원초등학교,경상남도
용덕초등학교,경상남도
성남송현초등학교,경기도
삽교초등학교,충청남도
정동초등학교,강원특별자치도
진만초등학교,광주광역시
대서초등학교,경기도
부곡초등학교학포분교장,경상남도
대전서부초등학교,대전광역시
천안봉서초등학교,충청남도
생연초등학교,경기도
인천주안초등학교,인천광역시
병천초등학교,충청남도
서울신기초등학교,서울특별시
지축초등학교,경기도
한결초등학교,세종특별자치시
강정초등학교,제주특별자치도
부천삼정초등학교,경기도
은여울초등학교,경기도
갈산초등학교,충청남도
대전정림초등학교,대전광역시
서울신도초등학교,서울특별시
서울공연초등학교,서울특별시
신리초등학교,충청남도
서신초등학교,전북특별자치도
금빛초등학교,부산광역시
서울고은초등학교,서울특별시
소성초등학교,전북특별자치도
서울어울초등학교,서울특별시
대동향교초등학교,전라남도
광남초등학교,경기도
김화초등학교,강원특별자치도
연일초등학교,경상북도
진천삼수초등학교,충청북도
전주진북초등학교,전북특별자치도
세종초등학교,경기도
성신초등학교,충청남도
서울청운초등학교,서울특별시
부산교육대학교부설초등학교,부산광역시
유양초등학교,경기도
계촌초등학교,강원특별자치도
해마루초등학교,경상북도
서부초등학교,충청남도
숭진초등학교,경상남도
매류초등학교,경기도
보성초등학교,충청남도
신계초등학교,충청남도
오산초등학교,경기도
인천초은초등학교,인천광역시
서울천호초등학교,서울특별시
원미초등학교,경기도
무지개초등학교,경상남도
백제초등학교,충청남도
일죽초등학교,경기도
고아초등학교,경상북도
도천초등학교,경상남도
가천초등학교,전북특별자치도
부천대명초등학교,경기도
라온초등학교,전라남도
소토초등학교,경상남도
군산초등학교,전북특별자치도
도련초등학교,제주특별자치도
제주서초등학교,제주특별자치도
용화초등학교,충청남도
용동초등학교,충청남도
부안초등학교,전북특별자치도
남곡초등학교,경기도
남성초등학교,충청북도
오성초등학교,충청남도
서울영등포초등학교,서울특별시
무극초등학교,충청북도
덕성초등학교,충청북도
성남여수초등학교,경기도
천안청룡초등학교,충청남도
우천초등학교,강원특별자치도
소일초등학교,경기도
대전성모초등학교,대전광역시
서정초등학교,경기도
당감초등학교,부산광역시
옥산초등학교,충청남도
결성초등학교,충청남도
천안수곡초등학교,충청남도
인천화전초등학교,인천광역시
전주하가초등학교,전북특별자치도
하늘빛초등학교,경기도
인천은송초등학교,인천광역시
사송초등학교,경상남도
인천중산초등학교,인천광역시
서울교동초등학교,서울특별시
수암초등학교,울산광역시
천안신부초등학교,충청남도
곰소초등학교,전북특별자치도
중앙초등학교,강원특별자치도
이리동산초등학교,전북특별자치도
신당초등학교,충청남도
문혜초등학교,강원특별자치도
예곡초등학교,경상남도
약대초등학교,경기도
온양풍기초등학교,충청남도
분성초등학교,경상남도
인천한들초등학교,인천광역시
서울강동초등학교,서울특별시
신방초등학교,충청남도
다압초등학교,전라남도
대구한샘초등학교,대구광역시
오저초등학교,강원특별자치도
서울명원초등학교,서울특별시
거제양정초등학교,경상남도
강릉초등학교,강원특별자치도
입장초등학교,충청남도
청웅초등학교,전북특별자치도
금송초등학교,경상남도
지산초등학교,경상북도
성남초등학교,충청남도
갑천초등학교,강원특별자치도
천안호수초등학교,충청남도
천안가온초등학교,충청남도
용인한얼초등학교,경기도
신둔초등학교,경기도
영월초등학교,강원특별자치도
반곡초등학교,울산광역시
천안불무초등학교,충청남도
동화초등학교,제주특별자치도
신흥초등학교,경상북도
오천초등학교삽시분교장,충청남도
우성초등학교,충청남도
계룡초등학교,경상남도
큰별초등학교,광주광역시
남양주다산초등학교,경기도
관창초등학교,충청남도
효행초등학교,경기도
유촌초등학교,강원특별자치도
광주서석초등학교,광주광역시
김제초등학교,전북특별자치도
회암초등학교,경기도
화성반월초등학교,경기도
은현초등학교,경기도
운암초등학교,전북특별자치도
부천초등학교,경기도
목련초등학교,광주광역시
남평초등학교,전라남도
대남초등학교,충청남도
서울상천초등학교,서울특별시
다정초등학교,세종특별자치시
시곡초등학교,경기도
해명초등학교,인천광역시
인천가림초등학교,인천광역시
인천간재울초등학교,인천광역시
심원초등학교,경기도
덕장초등학교,경기도
대구남산초등학교,대구광역시
계남초등학교,전북특별자치도
계남초등학교,경기도
서울연광초등학교,서울특별시
태성초등학교,경기도
여수남초등학교,전라남도
천안백석초등학교,충청남도
바른초등학교,세종특별자치시
천동초등학교,충청남도
수성초등학교,충청북도
전주동신초등학교,전북특별자치도
칠봉초등학교,경기도
개화초등학교,충청남도
남양초등학교,전라남도
이리동북초등학교,전북특별자치도
김해합성초등학교,경상남도
마지초등학교,광주광역시
연서초등학교,세종특별자치시
서울정목초등학교,서울특별시
성명초등학교,경상남도
옥길버들초등학교,경기도
반여초등학교,부산광역시
용정초등학교,충청남도
남원대산초등학교,전북특별자치도
송광초등학교,전북특별자치도
동광초등학교,경상남도
대구이현초등학교,대구광역시
김천모암초등학교,경상북도
천안청수초등학교,충청남도
순천봉화초등학교,전라남도
녹명초등학교,부산광역시
평택새빛초등학교,경기도
천안월봉초등학교,충청남도
예솔초등학교,경기도
서울금나래초등학교,서울특별시
샛별초등학교,충청북도
함박초등학교,경기도
주천초등학교,전북특별자치도
전주새연초등학교,전북특별자치도
보성남초등학교,전라남도
신사초등학교,충청남도
남강초등학교,강원특별자치도
인천하늘초등학교,인천광역시
서도초등학교,충청남도
점봉초등학교,경기도
다산한강초등학교,경기도
세마초등학교,경기도
영북초등학교,경기도
망포초등학교,경기도
배곧해솔초등학교,경기도
전주서일초등학교,전북특별자치도
포은초등학교,경상북도
대전성룡초등학교,대전광역시
새롬초등학교,세종특별자치시
순성초등학교,충청남도
위천초등학교,경상남도
인천부곡초등학교,인천광역시
소라초등학교,전라남도
어울초등학교,경기도
동성초등학교,경상남도
백강초등학교,충청남도
청풍초등학교,충청북도
천안업성초등학교,충청남도
성환초등학교,충청남도
가좌초등학교,경상남도
자여초등학교,경상남도
창진초등학교,부산광역시
회정초등학교,경기도
김해모산초등학교,경상남도
상북초등학교소호분교장,울산광역시
성남서초등학교,경기도
진산초등학교,충청남도
마전초등학교,경상남도
서울등촌초등학교,서울특별시
정남초등학교,전북특별자치도
부명초등학교,경기도
임당초등학교,경상북도
성덕초등학교,강원특별자치도
목포유달초등학교,전라남도
석포초등학교,부산광역시
조남초등학교,경기도
창영초등학교,경기도
추계초등학교,서울특별시
목천초등학교,충청남도
관대초등학교,충청남도
화성신동초등학교,경기도
신광초등학교,충청남도
목포옥암초등학교,전라남도
집현초등학교,경상남도
서울강솔초등학교,서울특별시
월평초등학교,울산광역시
양도초등학교,경기도
공주교동초등학교,충청남도
영주가흥초등학교,경상북도
곤명초등학교,경상남도
송삼초등학교,경기도
천안가람초등학교,충청남도
흥도초등학교,경기도
운남초등학교,광주광역시
대전문정초등학교,대전광역시
안덕초등학교,제주특별자치도
위례초등학교,충청남도
풍무초등학교,경기도
남산초등학교,강원특별자치도
섬강초등학교,강원특별자치도
대정초등학교,제주특별자치도
양산초등학교,전라남도
도장초등학교,충청남도
의창초등학교,경상남도
신평초등학교,충청남도
서울성자초등학교,서울특별시
의왕초등학교,경기도
서울창동초등학교,서울특별시
청명초등학교,전북특별자치도
남양초등학교,충청남도
방교초등학교,경기도
서울금호초등학교,서울특별시
교동초등학교,강원특별자치도
천안미라초등학교,충청남도
서울가인초등학교,서울특별시
서울고덕초등학교,서울특별시
천안오성초등학교,충청남도
부여초등학교,충청남도
화원초등학교,경기도
이서초등학교,전북특별자치도
김녕초등학교,제주특별자치도
덕은한강초등학교,경기도
대구송정초등학교,대구광역시
대구해서초등학교,대구광역시
진상초등학교,전라남도
미죽초등학교,충청남도
마암초등학교,경상남도
대구남도초등학교,대구광역시
김포한가람초등학교,경기도
보산원초등학교,충청남도
천안아름초등학교,충청남도
홍북초등학교,충청남도
남원초등학교,전북특별자치도
연포초등학교,부산광역시
고산초등학교,충청남도
중앙초등학교,강원특별자치도
서부초등학교,강원특별자치도
남원도통초등학교,전북특별자치도
남양주양정초등학교,경기도
가현초등학교,경기도
신용초등학교,광주광역시
도지초등학교,경기도
조금초등학교,충청남도
천안불당초등학교,충청남도
진천상신초등학교,충청북도
오라초등학교,제주특별자치도
봉산초등학교,광주광역시
매교초등학교,경기도
겸백초등학교,전라남도
천안구성초등학교,충청남도
연당초등학교,강원특별자치도
제산초등학교,경상남도
경북대학교사범대학부설초등학교,대구광역시
관봉초등학교,경상남도
금악초등학교,제주특별자치도
석정초등학교,경기도
충무공초등학교,경상남도
천북초등학교,충청남도
서울세명초등학교,서울특별시
송곡초등학교,충청남도
연동초등학교,부산광역시
가야초등학교,경상남도
군산월명초등학교,전북특별자치도
옥정초등학교,경기도
이천초등학교,경기도
청주소로초등학교,충청북도
대구서동초등학교,대구광역시
신주초등학교,경상남도
진해남산초등학교,경상남도
다산초등학교,경상북도
유암초등학교,경기도
인천미송초등학교,인천광역시
천안초등학교,충청남도
세인트존스베리 아카데미 제주,제주특별자치도
하길초등학교,경기도
대구도림초등학교,대구광역시
횡계초등학교,강원특별자치도
한류초등학교,경기도
옥산초등학교,경기도
부천원일초등학교,경기도
청수초등학교,경기도
김해외동초등학교,경상남도
마령초등학교,전북특별자치도
능포초등학교,경상남도
구미신당초등학교,경상북도
금산초등학교,경상남도
안흥초등학교,경기도
양당초등학교,충청남도
전주효천초등학교,전북특별자치도
명지초등학교,충청북도
대화초등학교,강원특별자치도
호명초등학교,경상북도
능원초등학교,경기도
지사초등학교,전북특별자치도
포항제철초등학교,경상북도
금성초등학교,경상남도
봉래초등학교,경상남도
송양초등학교,강원특별자치도
평택청아초등학교,경기도
설봉초등학교,경기도
당산초등학교,충청남도
괴산명덕초등학교,충청북도
운흥초등학교,경기도
서울천동초등학교,서울특별시
서울이문초등학교,서울특별시
인천부현동초등학교,인천광역시
다산새봄초등학교,경기도
국산초등학교,경상남도
양대초등학교,충청남도
주문진초등학교,강원특별자치도
신화초등학교,충청남도
종덕초등학교,경기도
천보초등학교,경기도
황지초등학교,강원특별자치도
여수남산초등학교,전라남도
문암초등학교,경상남도
진부초등학교,강원특별자치도
서울월천초등학교,서울특별시
옥포초등학교,충청북도
천안신대초등학교,충청남도
의림초등학교,충청북도
김해삼성초등학교,경상남도
광주운암초등학교,광주광역시
장호초등학교,강원특별자치도
천안두정초등학교,충청남도
성덕초등학교,전북특별자치도
가평초등학교,경기도
전주아중초등학교,전북특별자치도
송린초등학교,경기도
용진초등학교,전북특별자치도
번암초등학교,전북특별자치도
시산초등학교,전북특별자치도
익산어양초등학교,전북특별자치도
군산내흥초등학교,전북특별자치도
이황초등학교,경기도
염작초등학교,충청남도
장호원초등학교,경기도
수양초등학교,경상남도
직산초등학교,충청남도
대전동문초등학교,대전광역시
이천가산초등학교,경기도
주곡초등학교,경기도
도하초등학교,충청남도
산울초등학교,세종특별자치시
여천초등학교,울산광역시
광양마로초등학교,전라남도
서울묘곡초등학교,서울특별시
서울천일초등학교,서울특별시
용천초등학교,충청북도
장목초등학교,경상남도
삼장초등학교,경상남도
우촌초등학교,서울특별시
민세초등학교,경기도
광교호수초등학교,경기도
사포초등학교,경상남도
용현초등학교,경상남도
정현초등학교,경기도
한율초등학교,경기도
성거초등학교,충청남도
광주방림초등학교,광주광역시
대구천내초등학교,대구광역시
장재초등학교,경상남도
도학초등학교,전북특별자치도
심곡초등학교,경기도
공덕초등학교,부산광역시
고덕초등학교,경기도
구정초등학교,강원특별자치도
율포초등학교,경기도
김포초등학교,경기도
광주동초등학교,광주광역시
환서초등학교,충청남도
목도초등학교,충청북도
미리벌초등학교,경상남도
남명초등학교,경상남도
신안초등학교,경상남도
두호초등학교,경상북도
초동초등학교,경상남도
삼상초등학교,경기도
전주화정초등학교,전북특별자치도
진주교육대학교부설초등학교,경상남도
명일초등학교,부산광역시
용암초등학교,충청북도
신송초등학교,충청북도
월평초등학교,부산광역시
새솔초등학교,경기도
내곡초등학교,경상남도
인천영종초등학교,인천광역시
구미원당초등학교,경상북도
사천초등학교,경상남도
별하람초등학교,경기도
양지초등학교,경상남도
명덕초등학교,경상남도
길곡초등학교,경상남도
아미초등학교,경기도
태룡초등학교,경상남도
대리초등학교,전북특별자치도
조림초등학교,전북특별자치도
남원월락초등학교,전북특별자치도
명서초등학교,경상남도
표교초등학교,경기도
대전선유초등학교,대전광역시
인천건지초등학교,인천광역시
초곡초등학교,경상북도
용남초등학교,충청남도
신암초등학교,광주광역시
이리고현초등학교,전북특별자치도
장연초등학교,충청북도
푸른샘초등학교,경기도
샘말초등학교,경기도
망경초등학교,경상남도
예하초등학교,경상남도
충주중앙탑초등학교,충청북도
인천청량초등학교,인천광역시
서울정심초등학교,서울특별시
해안초등학교,제주특별자치도
도원초등학교,경기도
보림초등학교,부산광역시
김포금빛초등학교,경기도
고양동산초등학교,경기도
서울돈암초등학교,서울특별시
청곡초등학교,경기도
창릉초등학교,경기도
인천장아초등학교,인천광역시
해밀초등학교,세종특별자치시
인천한별초등학교,인천광역시
해빛초등학교,부산광역시
회룡초등학교,강원특별자치도
용암초등학교,부산광역시
용문초등학교,충청남도
청주교육대학교부설초등학교,충청북도
서울양재초등학교,서울특별시
청룡초등학교,충청북도
백수초등학교,전라남도
천안한들초등학교,충청남도
산외초등학교,경상남도
운신초등학교,충청남도
가양초등학교,경상남도
신가초등학교,충청남도
동백초등학교,경기도
화동초등학교,충청남도
사직초등학교,부산광역시
상도초등학교,경기도
광주송정초등학교,경기도
상남초등학교,강원특별자치도
대광초등학교,경기도
안서초등학교,충청남도
서울우신초등학교,서울특별시
계창초등학교,경상남도
창원남산초등학교,경상남도
수원금호초등학교,경기도
합천초등학교,경상남도
세미초등학교,경기도
관동초등학교,경상남도
신산초등학교,제주특별자치도
오봉초등학교,경상남도
옥길산들초등학교,경기도
수원가온초등학교,경기도
남양초등학교,경상북도
명도초등학교,경상남도
광주계림초등학교,광주광역시
고산초등학교,경기도
배곧라라초등학교,경기도
대전복용초등학교,대전광역시
지효초등학교,경기도
산동초등학교,충청남도
은빛초등학교,경기도
회야초등학교,경상남도
동덕초등학교,충청남도
아야진초등학교,강원특별자치도
서울위례초등학교,서울특별시
청주내곡초등학교,충청북도
동호초등학교,강원특별자치도
강동초등학교,강원특별자치도
위례숲초등학교,경기도
청림초등학교,경기도
대천동대초등학교,충청남도
북천초등학교,경상남도
대전용전초등학교,대전광역시
아산공수초등학교,충청남도
삼은초등학교,충청남도
대곶초등학교,경기도
지제초등학교,경기도
호암초등학교,경상남도
미천초등학교,경상남도
합천가야초등학교,경상남도
중앙초등학교,경상남도
갑룡초등학교,인천광역시
장평초등학교,경상남도
동탄목동초등학교,경기도
대구진천초등학교,대구광역시
선학초등학교,경상남도
외암초등학교,경상남도
인천구월초등학교,인천광역시
대홍초등학교,충청남도
다원초등학교,경기도
상남초등학교,경상남도
낙서초등학교,경상남도
안흥초등학교덕천분교장,강원특별자치도
온양천도초등학교,충청남도
대전호수초등학교,대전광역시
궁항초등학교,경상남도
위례중앙초등학교,경기도
상지초등학교,경기도
삼양초등학교,충청북도
화개초등학교왕성분교장,경상남도
웅산초등학교,충청남도
삼미초등학교,경기도
대우초등학교,경상남도
인천예송초등학교,인천광역시
남산초등학교,경상남도
천안성정초등학교,충청남도
초롱초등학교,경기도
화도초등학교,경기도
대월초등학교,경기도
감계초등학교,경상남도
왕전초등학교,충청남도
법수초등학교,경상남도
신양초등학교,경기도
용산초등학교,경상남도
동강초등학교,전라남도
광주효덕초등학교,광주광역시
유현초등학교,강원특별자치도
구항초등학교,충청남도
호명초등학교,강원특별자치도
대상초등학교,부산광역시
수산초등학교,경상남도
신동초등학교,강원특별자치도
악양초등학교,경상남도
울릉초등학교,경상북도
사등초등학교,경상남도
쌍동초등학교,경기도
저동초등학교,경상북도
상진초등학교,울산광역시
금곡초등학교,충청남도
고양장항초등학교,경기도
전주자연초등학교,전북특별자치도
복사초등학교,경기도
인천아라초등학교,인천광역시
평택모산초등학교,경기도
대곡초등학교,경상남도
인천아람초등학교,인천광역시
곤양초등학교,경상남도
사남초등학교,경상남도
수청초등학교,충청남도
대구테크노초등학교,대구광역시
거제용산초등학교,경상남도
보개초등학교,경기도
봉선초등학교,광주광역시
옥포초등학교,경상남도
거문초등학교,전라남도
은솔초등학교,경기도
성동초등학교,울산광역시
대구연경초등학교,대구광역시
서포초등학교,경상남도
오비초등학교,경상남도
마산고운초등학교,경상남도
태서초등학교,강원특별자치도
밀양초등학교,경상남도
명원초등학교,부산광역시
대전문창초등학교,대전광역시
풍양초등학교,경상북도
서울일원초등학교,서울특별시
새봄초등학교,경기도
백운호수초등학교,경기도
경호초등학교,전라남도
서울고일초등학교,서울특별시
삼례동초등학교,전북특별자치도
수곡초등학교,경상남도
명석초등학교,경상남도
다율초등학교,경기도
탕정초등학교,충청남도
송안초등학교,경기도
진영장등초등학교,경상남도
규장초등학교,경기도
천안능수초등학교,충청남도
초서초등학교,경상북도
포항용산초등학교,경상북도
과천율목초등학교,경기도
서울가락초등학교,서울특별시
서울응암초등학교,서울특별시
서울양원숲초등학교,서울특별시
평택서재초등학교,경기도
황지중앙초등학교,강원특별자치도
글빛초등학교,경기도
연푸른초등학교,경기도
해창초등학교,경기도
밀성초등학교,경상남도
전주양현초등학교,전북특별자치도
양청초등학교,충청북도
단성초등학교,경상남도
진목초등학교,경상남도
금산초등학교,경상남도
전주홍산초등학교,전북특별자치도
군산산북초등학교,전북특별자치도
금산초등학교,전북특별자치도
두왕초등학교,울산광역시
장천초등학교,경상북도
대방초등학교,경상남도
덕은초등학교,경기도
다산가람초등학교,경기도
대전둔곡초등학교,대전광역시
하서초등학교,전북특별자치도
금사초등학교,부산광역시
축동초등학교,경상남도
천부초등학교,경상북도
순천성동초등학교,전라남도
숲실초등학교,강원특별자치도
고진초등학교,경기도
이방초등학교장천분교장,경상남도
온양초등학교,충청남도
동현초등학교,부산광역시
구룡초등학교,충청북도
서울하늘숲초등학교,서울특별시
서울해누리초등학교,서울특별시
위림초등학교,경상남도
서면초등학교,경기도
대전송촌초등학교,대전광역시
대전옥계초등학교,대전광역시
포담초등학교,경기도
성덕초등학교,광주광역시
이월초등학교,충청북도
산내초등학교,경상남도
운곡초등학교,경상북도
내리숲초등학교,경기도
대구의흥초등학교,대구광역시
삼천포초등학교,경상남도
천안일봉초등학교,충청남도
중문초등학교,제주특별자치도
성암초등학교,경상북도
지수초등학교,경상남도
외간초등학교,경상남도
석적초등학교,경상북도
향동숲내초등학교,경기도
생명초등학교,충청북도
주포초등학교,충청남도
서부초등학교,경기도
초량초등학교,부산광역시
문광초등학교,충청북도
나래초등학교,경기도
외포초등학교,경상남도
집현초등학교,세종특별자치시
대전가양초등학교,대전광역시
위례고운초등학교,경기도
서울강덕초등학교,서울특별시
안산해솔초등학교,경기도
인천별빛초등학교,인천광역시
일운초등학교,경상남도
예천동부초등학교,경상북도
정동초등학교,경상남도
도암초등학교,경기도
연초초등학교,경상남도
하청초등학교,경상남도
진성초등학교,경상남도
종정초등학교,전북특별자치도
호곡초등학교,경기도
위례푸른초등학교,경기도
황남초등학교,경상북도
훈민초등학교,경기도
동패초등학교,경기도
내유초등학교,경기도
김포나진초등학교,경기도
대구삼영초등학교,대구광역시
대구도남초등학교,대구광역시
서울항동초등학교,서울특별시
위례한빛초등학교,경기도
월영초등학교,경상남도
동곡초등학교,경기도
명사초등학교,경상남도
전주삼천남초등학교,전북특별자치도
주촌초등학교,경상남도
금오초등학교,경상남도
운정해오름초등학교,경기도
천안서초등학교,충청남도
장산초등학교,경상북도
대전원신흥초등학교복용분교장,대전광역시
동진초등학교,전북특별자치도
모담초등학교,경기도
처인초등학교,경기도
월계초등학교,광주광역시
고헌초등학교,울산광역시
세담초등학교,경기도
서울개현초등학교,서울특별시
주봉초등학교,강원특별자치도
삼송초등학교,경기도
평택대동초등학교,경기도
장승포초등학교,경상남도
봉동초등학교양화분교장,전북특별자치도
호수초등학교,경기도
대전중앙초등학교,대전광역시
동점초등학교,강원특별자치도
금부초등학교,광주광역시
